solid OpenSCAD_Model
  facet normal 0.834566 0.550909 0
    outer loop
      vertex 8.14612 1.28225 3.5
      vertex 8.02254 1.46946 -3.5
      vertex 8.02254 1.46946 3.5
    endloop
  endfacet
  facet normal 0.834566 0.550909 0
    outer loop
      vertex 8.02254 1.46946 -3.5
      vertex 8.14612 1.28225 3.5
      vertex 8.14612 1.28225 -3.5
    endloop
  endfacet
  facet normal 0.266043 0.963961 -0
    outer loop
      vertex 6.77254 2.37764 -3.5
      vertex 6.5563 2.43732 3.5
      vertex 6.77254 2.37764 3.5
    endloop
  endfacet
  facet normal 0.266043 0.963961 0
    outer loop
      vertex 6.5563 2.43732 3.5
      vertex 6.77254 2.37764 -3.5
      vertex 6.5563 2.43732 -3.5
    endloop
  endfacet
  facet normal -0.43388 0.900971 0
    outer loop
      vertex 5.01744 2.29882 -3.5
      vertex 4.81533 2.20149 3.5
      vertex 5.01744 2.29882 3.5
    endloop
  endfacet
  facet normal -0.43388 0.900971 0
    outer loop
      vertex 4.81533 2.20149 3.5
      vertex 5.01744 2.29882 -3.5
      vertex 4.81533 2.20149 -3.5
    endloop
  endfacet
  facet normal -0.951057 0.309017 0
    outer loop
      vertex 3.59009 0.665092 -3.5
      vertex 3.65941 0.878437 3.5
      vertex 3.65941 0.878437 -3.5
    endloop
  endfacet
  facet normal -0.951057 0.309017 0
    outer loop
      vertex 3.65941 0.878437 3.5
      vertex 3.59009 0.665092 -3.5
      vertex 3.59009 0.665092 3.5
    endloop
  endfacet
  facet normal 0.998992 -0.0448904 0
    outer loop
      vertex 8.48993 -0.224098 3.5
      vertex 8.5 0 -3.5
      vertex 8.5 0 3.5
    endloop
  endfacet
  facet normal 0.998992 -0.0448904 0
    outer loop
      vertex 8.5 0 -3.5
      vertex 8.48993 -0.224098 3.5
      vertex 8.48993 -0.224098 -3.5
    endloop
  endfacet
  facet normal 0 1 -0
    outer loop
      vertex 6.11216 2.49748 -3.5
      vertex 5.88784 2.49748 3.5
      vertex 6.11216 2.49748 3.5
    endloop
  endfacet
  facet normal 0 1 0
    outer loop
      vertex 5.88784 2.49748 3.5
      vertex 6.11216 2.49748 -3.5
      vertex 5.88784 2.49748 -3.5
    endloop
  endfacet
  facet normal 0.512915 0.858439 -0
    outer loop
      vertex 7.37724 2.08643 -3.5
      vertex 7.18467 2.20149 3.5
      vertex 7.37724 2.08643 3.5
    endloop
  endfacet
  facet normal 0.512915 0.858439 0
    outer loop
      vertex 7.18467 2.20149 3.5
      vertex 7.37724 2.08643 -3.5
      vertex 7.18467 2.20149 -3.5
    endloop
  endfacet
  facet normal 0 0 -1
    outer loop
      vertex 8.48993 -0.224098 -3.5
      vertex 8.48993 0.224098 -3.5
      vertex 8.5 0 -3.5
    endloop
  endfacet
  facet normal 0 0 -1
    outer loop
      vertex 8.45982 -0.446392 -3.5
      vertex 8.48993 0.224098 -3.5
      vertex 8.48993 -0.224098 -3.5
    endloop
  endfacet
  facet normal 0 0 -1
    outer loop
      vertex 8.45982 -0.446392 -3.5
      vertex 8.45982 0.446392 -3.5
      vertex 8.48993 0.224098 -3.5
    endloop
  endfacet
  facet normal 0 0 -1
    outer loop
      vertex 8.40991 -0.665092 -3.5
      vertex 8.45982 0.446392 -3.5
      vertex 8.45982 -0.446392 -3.5
    endloop
  endfacet
  facet normal 0 0 -1
    outer loop
      vertex 8.40991 -0.665092 -3.5
      vertex 8.40991 0.665092 -3.5
      vertex 8.45982 0.446392 -3.5
    endloop
  endfacet
  facet normal 0 0 -1
    outer loop
      vertex 8.34059 -0.878437 -3.5
      vertex 8.40991 0.665092 -3.5
      vertex 8.40991 -0.665092 -3.5
    endloop
  endfacet
  facet normal 0 0 -1
    outer loop
      vertex 8.34059 -0.878437 -3.5
      vertex 8.34059 0.878437 -3.5
      vertex 8.40991 0.665092 -3.5
    endloop
  endfacet
  facet normal 0 0 -1
    outer loop
      vertex 8.25242 -1.08471 -3.5
      vertex 8.34059 0.878437 -3.5
      vertex 8.34059 -0.878437 -3.5
    endloop
  endfacet
  facet normal 0 0 -1
    outer loop
      vertex 8.25242 -1.08471 -3.5
      vertex 8.25242 1.08471 -3.5
      vertex 8.34059 0.878437 -3.5
    endloop
  endfacet
  facet normal 0 0 -1
    outer loop
      vertex 8.14612 -1.28225 -3.5
      vertex 8.25242 1.08471 -3.5
      vertex 8.25242 -1.08471 -3.5
    endloop
  endfacet
  facet normal 0 0 -1
    outer loop
      vertex 8.14612 -1.28225 -3.5
      vertex 8.14612 1.28225 -3.5
      vertex 8.25242 1.08471 -3.5
    endloop
  endfacet
  facet normal 0 0 -1
    outer loop
      vertex 8.02254 -1.46946 -3.5
      vertex 8.14612 1.28225 -3.5
      vertex 8.14612 -1.28225 -3.5
    endloop
  endfacet
  facet normal 0 0 -1
    outer loop
      vertex 8.02254 -1.46946 -3.5
      vertex 8.02254 1.46946 -3.5
      vertex 8.14612 1.28225 -3.5
    endloop
  endfacet
  facet normal 0 0 -1
    outer loop
      vertex 7.88268 -1.64485 -3.5
      vertex 8.02254 1.46946 -3.5
      vertex 8.02254 -1.46946 -3.5
    endloop
  endfacet
  facet normal 0 0 -1
    outer loop
      vertex 7.88268 -1.64485 -3.5
      vertex 7.88268 1.64485 -3.5
      vertex 8.02254 1.46946 -3.5
    endloop
  endfacet
  facet normal 0 0 -1
    outer loop
      vertex 7.72766 -1.80699 -3.5
      vertex 7.88268 1.64485 -3.5
      vertex 7.88268 -1.64485 -3.5
    endloop
  endfacet
  facet normal 0 0 -1
    outer loop
      vertex 7.72766 -1.80699 -3.5
      vertex 7.72766 1.80699 -3.5
      vertex 7.88268 1.64485 -3.5
    endloop
  endfacet
  facet normal 0 0 -1
    outer loop
      vertex 7.55872 -1.95458 -3.5
      vertex 7.72766 1.80699 -3.5
      vertex 7.72766 -1.80699 -3.5
    endloop
  endfacet
  facet normal 0 0 -1
    outer loop
      vertex 7.55872 -1.95458 -3.5
      vertex 7.55872 1.95458 -3.5
      vertex 7.72766 1.80699 -3.5
    endloop
  endfacet
  facet normal 0 0 -1
    outer loop
      vertex 7.37724 -2.08643 -3.5
      vertex 7.55872 1.95458 -3.5
      vertex 7.55872 -1.95458 -3.5
    endloop
  endfacet
  facet normal 0 0 -1
    outer loop
      vertex 7.37724 -2.08643 -3.5
      vertex 7.37724 2.08643 -3.5
      vertex 7.55872 1.95458 -3.5
    endloop
  endfacet
  facet normal 0 0 -1
    outer loop
      vertex 7.18467 -2.20149 -3.5
      vertex 7.37724 2.08643 -3.5
      vertex 7.37724 -2.08643 -3.5
    endloop
  endfacet
  facet normal 0 0 -1
    outer loop
      vertex 7.18467 -2.20149 -3.5
      vertex 7.18467 2.20149 -3.5
      vertex 7.37724 2.08643 -3.5
    endloop
  endfacet
  facet normal 0 0 -1
    outer loop
      vertex 6.98256 -2.29882 -3.5
      vertex 7.18467 2.20149 -3.5
      vertex 7.18467 -2.20149 -3.5
    endloop
  endfacet
  facet normal 0 0 -1
    outer loop
      vertex 6.98256 -2.29882 -3.5
      vertex 6.98256 2.29882 -3.5
      vertex 7.18467 2.20149 -3.5
    endloop
  endfacet
  facet normal 0 0 -1
    outer loop
      vertex 6.77254 -2.37764 -3.5
      vertex 6.98256 2.29882 -3.5
      vertex 6.98256 -2.29882 -3.5
    endloop
  endfacet
  facet normal 0 0 -1
    outer loop
      vertex 6.77254 -2.37764 -3.5
      vertex 6.77254 2.37764 -3.5
      vertex 6.98256 2.29882 -3.5
    endloop
  endfacet
  facet normal 0 0 -1
    outer loop
      vertex 6.5563 -2.43732 -3.5
      vertex 6.77254 2.37764 -3.5
      vertex 6.77254 -2.37764 -3.5
    endloop
  endfacet
  facet normal 0 0 -1
    outer loop
      vertex 6.5563 -2.43732 -3.5
      vertex 6.5563 2.43732 -3.5
      vertex 6.77254 2.37764 -3.5
    endloop
  endfacet
  facet normal 0 0 -1
    outer loop
      vertex 6.33558 -2.47737 -3.5
      vertex 6.5563 2.43732 -3.5
      vertex 6.5563 -2.43732 -3.5
    endloop
  endfacet
  facet normal 0 0 -1
    outer loop
      vertex 6.33558 -2.47737 -3.5
      vertex 6.33558 2.47737 -3.5
      vertex 6.5563 2.43732 -3.5
    endloop
  endfacet
  facet normal 0 0 -1
    outer loop
      vertex 6.11216 -2.49748 -3.5
      vertex 6.33558 2.47737 -3.5
      vertex 6.33558 -2.47737 -3.5
    endloop
  endfacet
  facet normal 0 0 -1
    outer loop
      vertex 6.11216 -2.49748 -3.5
      vertex 6.11216 2.49748 -3.5
      vertex 6.33558 2.47737 -3.5
    endloop
  endfacet
  facet normal 0 0 -1
    outer loop
      vertex 5.88784 -2.49748 -3.5
      vertex 6.11216 2.49748 -3.5
      vertex 6.11216 -2.49748 -3.5
    endloop
  endfacet
  facet normal 0 0 -1
    outer loop
      vertex 5.88784 -2.49748 -3.5
      vertex 5.88784 2.49748 -3.5
      vertex 6.11216 2.49748 -3.5
    endloop
  endfacet
  facet normal 0 0 -1
    outer loop
      vertex 5.66442 -2.47737 -3.5
      vertex 5.88784 2.49748 -3.5
      vertex 5.88784 -2.49748 -3.5
    endloop
  endfacet
  facet normal 0 0 -1
    outer loop
      vertex 5.66442 -2.47737 -3.5
      vertex 5.66442 2.47737 -3.5
      vertex 5.88784 2.49748 -3.5
    endloop
  endfacet
  facet normal 0 0 -1
    outer loop
      vertex 5.4437 -2.43732 -3.5
      vertex 5.66442 2.47737 -3.5
      vertex 5.66442 -2.47737 -3.5
    endloop
  endfacet
  facet normal 0 0 -1
    outer loop
      vertex 5.4437 -2.43732 -3.5
      vertex 5.4437 2.43732 -3.5
      vertex 5.66442 2.47737 -3.5
    endloop
  endfacet
  facet normal 0 0 -1
    outer loop
      vertex 5.22746 -2.37764 -3.5
      vertex 5.4437 2.43732 -3.5
      vertex 5.4437 -2.43732 -3.5
    endloop
  endfacet
  facet normal 0 0 -1
    outer loop
      vertex 5.22746 -2.37764 -3.5
      vertex 5.22746 2.37764 -3.5
      vertex 5.4437 2.43732 -3.5
    endloop
  endfacet
  facet normal 0 0 -1
    outer loop
      vertex 5.01744 -2.29882 -3.5
      vertex 5.22746 2.37764 -3.5
      vertex 5.22746 -2.37764 -3.5
    endloop
  endfacet
  facet normal 0 0 -1
    outer loop
      vertex 5.01744 -2.29882 -3.5
      vertex 5.01744 2.29882 -3.5
      vertex 5.22746 2.37764 -3.5
    endloop
  endfacet
  facet normal 0 0 -1
    outer loop
      vertex 4.81533 -2.20149 -3.5
      vertex 5.01744 2.29882 -3.5
      vertex 5.01744 -2.29882 -3.5
    endloop
  endfacet
  facet normal 0 0 -1
    outer loop
      vertex 4.81533 -2.20149 -3.5
      vertex 4.81533 2.20149 -3.5
      vertex 5.01744 2.29882 -3.5
    endloop
  endfacet
  facet normal 0 0 -1
    outer loop
      vertex 4.62276 -2.08643 -3.5
      vertex 4.81533 2.20149 -3.5
      vertex 4.81533 -2.20149 -3.5
    endloop
  endfacet
  facet normal 0 0 -1
    outer loop
      vertex 4.62276 -2.08643 -3.5
      vertex 4.62276 2.08643 -3.5
      vertex 4.81533 2.20149 -3.5
    endloop
  endfacet
  facet normal 0 0 -1
    outer loop
      vertex 4.44127 -1.95458 -3.5
      vertex 4.62276 2.08643 -3.5
      vertex 4.62276 -2.08643 -3.5
    endloop
  endfacet
  facet normal 0 0 -1
    outer loop
      vertex 4.44127 -1.95458 -3.5
      vertex 4.44127 1.95458 -3.5
      vertex 4.62276 2.08643 -3.5
    endloop
  endfacet
  facet normal 0 0 -1
    outer loop
      vertex 4.27234 -1.80699 -3.5
      vertex 4.44127 1.95458 -3.5
      vertex 4.44127 -1.95458 -3.5
    endloop
  endfacet
  facet normal 0 0 -1
    outer loop
      vertex 4.27234 -1.80699 -3.5
      vertex 4.27234 1.80699 -3.5
      vertex 4.44127 1.95458 -3.5
    endloop
  endfacet
  facet normal 0 0 -1
    outer loop
      vertex 4.11732 -1.64485 -3.5
      vertex 4.27234 1.80699 -3.5
      vertex 4.27234 -1.80699 -3.5
    endloop
  endfacet
  facet normal 0 0 -1
    outer loop
      vertex 4.11732 -1.64485 -3.5
      vertex 4.11732 1.64485 -3.5
      vertex 4.27234 1.80699 -3.5
    endloop
  endfacet
  facet normal 0 0 -1
    outer loop
      vertex 3.97746 -1.46946 -3.5
      vertex 4.11732 1.64485 -3.5
      vertex 4.11732 -1.64485 -3.5
    endloop
  endfacet
  facet normal 0 0 -1
    outer loop
      vertex 3.97746 -1.46946 -3.5
      vertex 3.97746 1.46946 -3.5
      vertex 4.11732 1.64485 -3.5
    endloop
  endfacet
  facet normal 0 0 -1
    outer loop
      vertex 3.85388 -1.28225 -3.5
      vertex 3.97746 1.46946 -3.5
      vertex 3.97746 -1.46946 -3.5
    endloop
  endfacet
  facet normal 0 0 -1
    outer loop
      vertex 3.85388 -1.28225 -3.5
      vertex 3.85388 1.28225 -3.5
      vertex 3.97746 1.46946 -3.5
    endloop
  endfacet
  facet normal 0 0 -1
    outer loop
      vertex 3.74758 -1.08471 -3.5
      vertex 3.85388 1.28225 -3.5
      vertex 3.85388 -1.28225 -3.5
    endloop
  endfacet
  facet normal 0 0 -1
    outer loop
      vertex 3.74758 -1.08471 -3.5
      vertex 3.74758 1.08471 -3.5
      vertex 3.85388 1.28225 -3.5
    endloop
  endfacet
  facet normal 0 0 -1
    outer loop
      vertex 3.65941 -0.878437 -3.5
      vertex 3.74758 1.08471 -3.5
      vertex 3.74758 -1.08471 -3.5
    endloop
  endfacet
  facet normal 0 0 -1
    outer loop
      vertex 3.65941 -0.878437 -3.5
      vertex 3.65941 0.878437 -3.5
      vertex 3.74758 1.08471 -3.5
    endloop
  endfacet
  facet normal 0 0 -1
    outer loop
      vertex 3.59009 -0.665092 -3.5
      vertex 3.65941 0.878437 -3.5
      vertex 3.65941 -0.878437 -3.5
    endloop
  endfacet
  facet normal 0 0 -1
    outer loop
      vertex 3.59009 -0.665092 -3.5
      vertex 3.59009 0.665092 -3.5
      vertex 3.65941 0.878437 -3.5
    endloop
  endfacet
  facet normal 0 0 -1
    outer loop
      vertex 3.54018 -0.446392 -3.5
      vertex 3.59009 0.665092 -3.5
      vertex 3.59009 -0.665092 -3.5
    endloop
  endfacet
  facet normal 0 0 -1
    outer loop
      vertex 3.54018 -0.446392 -3.5
      vertex 3.54018 0.446392 -3.5
      vertex 3.59009 0.665092 -3.5
    endloop
  endfacet
  facet normal 0 0 -1
    outer loop
      vertex 3.51006 -0.224098 -3.5
      vertex 3.54018 0.446392 -3.5
      vertex 3.54018 -0.446392 -3.5
    endloop
  endfacet
  facet normal 0 0 -1
    outer loop
      vertex 3.51006 -0.224098 -3.5
      vertex 3.51006 0.224098 -3.5
      vertex 3.54018 0.446392 -3.5
    endloop
  endfacet
  facet normal 0 -0 -1
    outer loop
      vertex 3.51006 0.224098 -3.5
      vertex 3.51006 -0.224098 -3.5
      vertex 3.5 0 -3.5
    endloop
  endfacet
  facet normal -0.998994 0.0448459 0
    outer loop
      vertex 3.5 0 -3.5
      vertex 3.51006 0.224098 3.5
      vertex 3.51006 0.224098 -3.5
    endloop
  endfacet
  facet normal -0.998994 0.0448459 0
    outer loop
      vertex 3.51006 0.224098 3.5
      vertex 3.5 0 -3.5
      vertex 3.5 0 3.5
    endloop
  endfacet
  facet normal -0.834566 0.550909 0
    outer loop
      vertex 3.85388 1.28225 -3.5
      vertex 3.97746 1.46946 3.5
      vertex 3.97746 1.46946 -3.5
    endloop
  endfacet
  facet normal -0.834566 0.550909 0
    outer loop
      vertex 3.97746 1.46946 3.5
      vertex 3.85388 1.28225 -3.5
      vertex 3.85388 1.28225 3.5
    endloop
  endfacet
  facet normal -0.266043 0.963961 0
    outer loop
      vertex 5.4437 2.43732 -3.5
      vertex 5.22746 2.37764 3.5
      vertex 5.4437 2.43732 3.5
    endloop
  endfacet
  facet normal -0.266043 0.963961 0
    outer loop
      vertex 5.22746 2.37764 3.5
      vertex 5.4437 2.43732 -3.5
      vertex 5.22746 2.37764 -3.5
    endloop
  endfacet
  facet normal 0.512915 -0.858439 0
    outer loop
      vertex 7.18467 -2.20149 -3.5
      vertex 7.37724 -2.08643 3.5
      vertex 7.18467 -2.20149 3.5
    endloop
  endfacet
  facet normal 0.512915 -0.858439 0
    outer loop
      vertex 7.37724 -2.08643 3.5
      vertex 7.18467 -2.20149 -3.5
      vertex 7.37724 -2.08643 -3.5
    endloop
  endfacet
  facet normal -0.587755 -0.809039 0
    outer loop
      vertex 4.44127 -1.95458 -3.5
      vertex 4.62276 -2.08643 3.5
      vertex 4.44127 -1.95458 3.5
    endloop
  endfacet
  facet normal -0.587755 -0.809039 -0
    outer loop
      vertex 4.62276 -2.08643 3.5
      vertex 4.44127 -1.95458 -3.5
      vertex 4.62276 -2.08643 -3.5
    endloop
  endfacet
  facet normal -0.834566 -0.550909 0
    outer loop
      vertex 3.97746 -1.46946 -3.5
      vertex 3.85388 -1.28225 3.5
      vertex 3.85388 -1.28225 -3.5
    endloop
  endfacet
  facet normal -0.834566 -0.550909 0
    outer loop
      vertex 3.85388 -1.28225 3.5
      vertex 3.97746 -1.46946 -3.5
      vertex 3.97746 -1.46946 3.5
    endloop
  endfacet
  facet normal 0.990951 0.134226 0
    outer loop
      vertex 8.48993 0.224098 3.5
      vertex 8.45982 0.446392 -3.5
      vertex 8.45982 0.446392 3.5
    endloop
  endfacet
  facet normal 0.990951 0.134226 0
    outer loop
      vertex 8.45982 0.446392 -3.5
      vertex 8.48993 0.224098 3.5
      vertex 8.48993 0.224098 -3.5
    endloop
  endfacet
  facet normal 0.781851 0.623466 0
    outer loop
      vertex 8.02254 1.46946 3.5
      vertex 7.88268 1.64485 -3.5
      vertex 7.88268 1.64485 3.5
    endloop
  endfacet
  facet normal 0.781851 0.623466 0
    outer loop
      vertex 7.88268 1.64485 -3.5
      vertex 8.02254 1.46946 3.5
      vertex 8.02254 1.46946 -3.5
    endloop
  endfacet
  facet normal 0.657917 0.75309 -0
    outer loop
      vertex 7.72766 1.80699 -3.5
      vertex 7.55872 1.95458 3.5
      vertex 7.72766 1.80699 3.5
    endloop
  endfacet
  facet normal 0.657917 0.75309 0
    outer loop
      vertex 7.55872 1.95458 3.5
      vertex 7.72766 1.80699 -3.5
      vertex 7.55872 1.95458 -3.5
    endloop
  endfacet
  facet normal 0.722799 0.691059 0
    outer loop
      vertex 7.88268 1.64485 3.5
      vertex 7.72766 1.80699 -3.5
      vertex 7.72766 1.80699 3.5
    endloop
  endfacet
  facet normal 0.722799 0.691059 0
    outer loop
      vertex 7.72766 1.80699 -3.5
      vertex 7.88268 1.64485 3.5
      vertex 7.88268 1.64485 -3.5
    endloop
  endfacet
  facet normal -0.0896474 0.995974 0
    outer loop
      vertex 5.88784 2.49748 -3.5
      vertex 5.66442 2.47737 3.5
      vertex 5.88784 2.49748 3.5
    endloop
  endfacet
  facet normal -0.0896474 0.995974 0
    outer loop
      vertex 5.66442 2.47737 3.5
      vertex 5.88784 2.49748 -3.5
      vertex 5.66442 2.47737 -3.5
    endloop
  endfacet
  facet normal 0.178536 0.983933 -0
    outer loop
      vertex 6.5563 2.43732 -3.5
      vertex 6.33558 2.47737 3.5
      vertex 6.5563 2.43732 3.5
    endloop
  endfacet
  facet normal 0.178536 0.983933 0
    outer loop
      vertex 6.33558 2.47737 3.5
      vertex 6.5563 2.43732 -3.5
      vertex 6.33558 2.47737 -3.5
    endloop
  endfacet
  facet normal 0.0896474 0.995974 -0
    outer loop
      vertex 6.33558 2.47737 -3.5
      vertex 6.11216 2.49748 3.5
      vertex 6.33558 2.47737 3.5
    endloop
  endfacet
  facet normal 0.0896474 0.995974 0
    outer loop
      vertex 6.11216 2.49748 3.5
      vertex 6.33558 2.47737 -3.5
      vertex 6.11216 2.49748 -3.5
    endloop
  endfacet
  facet normal 0.587777 0.809023 -0
    outer loop
      vertex 7.55872 1.95458 -3.5
      vertex 7.37724 2.08643 3.5
      vertex 7.55872 1.95458 3.5
    endloop
  endfacet
  facet normal 0.587777 0.809023 0
    outer loop
      vertex 7.37724 2.08643 3.5
      vertex 7.55872 1.95458 -3.5
      vertex 7.37724 2.08643 -3.5
    endloop
  endfacet
  facet normal 0 0 1
    outer loop
      vertex 8.48993 0.224098 3.5
      vertex 8.48993 -0.224098 3.5
      vertex 8.5 0 3.5
    endloop
  endfacet
  facet normal 0 0 1
    outer loop
      vertex 8.45982 0.446392 3.5
      vertex 8.48993 -0.224098 3.5
      vertex 8.48993 0.224098 3.5
    endloop
  endfacet
  facet normal 0 0 1
    outer loop
      vertex 8.45982 0.446392 3.5
      vertex 8.45982 -0.446392 3.5
      vertex 8.48993 -0.224098 3.5
    endloop
  endfacet
  facet normal 0 0 1
    outer loop
      vertex 8.40991 0.665092 3.5
      vertex 8.45982 -0.446392 3.5
      vertex 8.45982 0.446392 3.5
    endloop
  endfacet
  facet normal 0 0 1
    outer loop
      vertex 8.40991 0.665092 3.5
      vertex 8.40991 -0.665092 3.5
      vertex 8.45982 -0.446392 3.5
    endloop
  endfacet
  facet normal 0 0 1
    outer loop
      vertex 8.34059 0.878437 3.5
      vertex 8.40991 -0.665092 3.5
      vertex 8.40991 0.665092 3.5
    endloop
  endfacet
  facet normal 0 0 1
    outer loop
      vertex 8.34059 0.878437 3.5
      vertex 8.34059 -0.878437 3.5
      vertex 8.40991 -0.665092 3.5
    endloop
  endfacet
  facet normal 0 0 1
    outer loop
      vertex 8.25242 1.08471 3.5
      vertex 8.34059 -0.878437 3.5
      vertex 8.34059 0.878437 3.5
    endloop
  endfacet
  facet normal 0 0 1
    outer loop
      vertex 8.25242 1.08471 3.5
      vertex 8.25242 -1.08471 3.5
      vertex 8.34059 -0.878437 3.5
    endloop
  endfacet
  facet normal 0 0 1
    outer loop
      vertex 8.14612 1.28225 3.5
      vertex 8.25242 -1.08471 3.5
      vertex 8.25242 1.08471 3.5
    endloop
  endfacet
  facet normal 0 0 1
    outer loop
      vertex 8.14612 1.28225 3.5
      vertex 8.14612 -1.28225 3.5
      vertex 8.25242 -1.08471 3.5
    endloop
  endfacet
  facet normal 0 0 1
    outer loop
      vertex 8.02254 1.46946 3.5
      vertex 8.14612 -1.28225 3.5
      vertex 8.14612 1.28225 3.5
    endloop
  endfacet
  facet normal 0 0 1
    outer loop
      vertex 8.02254 1.46946 3.5
      vertex 8.02254 -1.46946 3.5
      vertex 8.14612 -1.28225 3.5
    endloop
  endfacet
  facet normal 0 0 1
    outer loop
      vertex 7.88268 1.64485 3.5
      vertex 8.02254 -1.46946 3.5
      vertex 8.02254 1.46946 3.5
    endloop
  endfacet
  facet normal 0 0 1
    outer loop
      vertex 7.88268 1.64485 3.5
      vertex 7.88268 -1.64485 3.5
      vertex 8.02254 -1.46946 3.5
    endloop
  endfacet
  facet normal 0 0 1
    outer loop
      vertex 7.72766 1.80699 3.5
      vertex 7.88268 -1.64485 3.5
      vertex 7.88268 1.64485 3.5
    endloop
  endfacet
  facet normal 0 0 1
    outer loop
      vertex 7.72766 1.80699 3.5
      vertex 7.72766 -1.80699 3.5
      vertex 7.88268 -1.64485 3.5
    endloop
  endfacet
  facet normal 0 0 1
    outer loop
      vertex 7.55872 1.95458 3.5
      vertex 7.72766 -1.80699 3.5
      vertex 7.72766 1.80699 3.5
    endloop
  endfacet
  facet normal 0 0 1
    outer loop
      vertex 7.55872 1.95458 3.5
      vertex 7.55872 -1.95458 3.5
      vertex 7.72766 -1.80699 3.5
    endloop
  endfacet
  facet normal 0 0 1
    outer loop
      vertex 7.37724 2.08643 3.5
      vertex 7.55872 -1.95458 3.5
      vertex 7.55872 1.95458 3.5
    endloop
  endfacet
  facet normal 0 0 1
    outer loop
      vertex 7.37724 2.08643 3.5
      vertex 7.37724 -2.08643 3.5
      vertex 7.55872 -1.95458 3.5
    endloop
  endfacet
  facet normal 0 0 1
    outer loop
      vertex 7.18467 2.20149 3.5
      vertex 7.37724 -2.08643 3.5
      vertex 7.37724 2.08643 3.5
    endloop
  endfacet
  facet normal 0 0 1
    outer loop
      vertex 7.18467 2.20149 3.5
      vertex 7.18467 -2.20149 3.5
      vertex 7.37724 -2.08643 3.5
    endloop
  endfacet
  facet normal 0 0 1
    outer loop
      vertex 6.98256 2.29882 3.5
      vertex 7.18467 -2.20149 3.5
      vertex 7.18467 2.20149 3.5
    endloop
  endfacet
  facet normal 0 0 1
    outer loop
      vertex 6.98256 2.29882 3.5
      vertex 6.98256 -2.29882 3.5
      vertex 7.18467 -2.20149 3.5
    endloop
  endfacet
  facet normal 0 0 1
    outer loop
      vertex 6.77254 2.37764 3.5
      vertex 6.98256 -2.29882 3.5
      vertex 6.98256 2.29882 3.5
    endloop
  endfacet
  facet normal 0 0 1
    outer loop
      vertex 6.77254 2.37764 3.5
      vertex 6.77254 -2.37764 3.5
      vertex 6.98256 -2.29882 3.5
    endloop
  endfacet
  facet normal 0 0 1
    outer loop
      vertex 6.5563 2.43732 3.5
      vertex 6.77254 -2.37764 3.5
      vertex 6.77254 2.37764 3.5
    endloop
  endfacet
  facet normal 0 0 1
    outer loop
      vertex 6.5563 2.43732 3.5
      vertex 6.5563 -2.43732 3.5
      vertex 6.77254 -2.37764 3.5
    endloop
  endfacet
  facet normal 0 0 1
    outer loop
      vertex 6.33558 2.47737 3.5
      vertex 6.5563 -2.43732 3.5
      vertex 6.5563 2.43732 3.5
    endloop
  endfacet
  facet normal 0 0 1
    outer loop
      vertex 6.33558 2.47737 3.5
      vertex 6.33558 -2.47737 3.5
      vertex 6.5563 -2.43732 3.5
    endloop
  endfacet
  facet normal 0 0 1
    outer loop
      vertex 6.11216 2.49748 3.5
      vertex 6.33558 -2.47737 3.5
      vertex 6.33558 2.47737 3.5
    endloop
  endfacet
  facet normal 0 0 1
    outer loop
      vertex 6.11216 2.49748 3.5
      vertex 6.11216 -2.49748 3.5
      vertex 6.33558 -2.47737 3.5
    endloop
  endfacet
  facet normal -0 0 1
    outer loop
      vertex 5.88784 2.49748 3.5
      vertex 6.11216 -2.49748 3.5
      vertex 6.11216 2.49748 3.5
    endloop
  endfacet
  facet normal 0 0 1
    outer loop
      vertex 5.88784 2.49748 3.5
      vertex 5.88784 -2.49748 3.5
      vertex 6.11216 -2.49748 3.5
    endloop
  endfacet
  facet normal -0 0 1
    outer loop
      vertex 5.66442 2.47737 3.5
      vertex 5.88784 -2.49748 3.5
      vertex 5.88784 2.49748 3.5
    endloop
  endfacet
  facet normal 0 0 1
    outer loop
      vertex 5.66442 2.47737 3.5
      vertex 5.66442 -2.47737 3.5
      vertex 5.88784 -2.49748 3.5
    endloop
  endfacet
  facet normal -0 0 1
    outer loop
      vertex 5.4437 2.43732 3.5
      vertex 5.66442 -2.47737 3.5
      vertex 5.66442 2.47737 3.5
    endloop
  endfacet
  facet normal 0 0 1
    outer loop
      vertex 5.4437 2.43732 3.5
      vertex 5.4437 -2.43732 3.5
      vertex 5.66442 -2.47737 3.5
    endloop
  endfacet
  facet normal -0 0 1
    outer loop
      vertex 5.22746 2.37764 3.5
      vertex 5.4437 -2.43732 3.5
      vertex 5.4437 2.43732 3.5
    endloop
  endfacet
  facet normal 0 0 1
    outer loop
      vertex 5.22746 2.37764 3.5
      vertex 5.22746 -2.37764 3.5
      vertex 5.4437 -2.43732 3.5
    endloop
  endfacet
  facet normal -0 0 1
    outer loop
      vertex 5.01744 2.29882 3.5
      vertex 5.22746 -2.37764 3.5
      vertex 5.22746 2.37764 3.5
    endloop
  endfacet
  facet normal 0 0 1
    outer loop
      vertex 5.01744 2.29882 3.5
      vertex 5.01744 -2.29882 3.5
      vertex 5.22746 -2.37764 3.5
    endloop
  endfacet
  facet normal -0 0 1
    outer loop
      vertex 4.81533 2.20149 3.5
      vertex 5.01744 -2.29882 3.5
      vertex 5.01744 2.29882 3.5
    endloop
  endfacet
  facet normal 0 0 1
    outer loop
      vertex 4.81533 2.20149 3.5
      vertex 4.81533 -2.20149 3.5
      vertex 5.01744 -2.29882 3.5
    endloop
  endfacet
  facet normal -0 0 1
    outer loop
      vertex 4.62276 2.08643 3.5
      vertex 4.81533 -2.20149 3.5
      vertex 4.81533 2.20149 3.5
    endloop
  endfacet
  facet normal 0 0 1
    outer loop
      vertex 4.62276 2.08643 3.5
      vertex 4.62276 -2.08643 3.5
      vertex 4.81533 -2.20149 3.5
    endloop
  endfacet
  facet normal -0 0 1
    outer loop
      vertex 4.44127 1.95458 3.5
      vertex 4.62276 -2.08643 3.5
      vertex 4.62276 2.08643 3.5
    endloop
  endfacet
  facet normal 0 0 1
    outer loop
      vertex 4.44127 1.95458 3.5
      vertex 4.44127 -1.95458 3.5
      vertex 4.62276 -2.08643 3.5
    endloop
  endfacet
  facet normal -0 0 1
    outer loop
      vertex 4.27234 1.80699 3.5
      vertex 4.44127 -1.95458 3.5
      vertex 4.44127 1.95458 3.5
    endloop
  endfacet
  facet normal 0 0 1
    outer loop
      vertex 4.27234 1.80699 3.5
      vertex 4.27234 -1.80699 3.5
      vertex 4.44127 -1.95458 3.5
    endloop
  endfacet
  facet normal -0 0 1
    outer loop
      vertex 4.11732 1.64485 3.5
      vertex 4.27234 -1.80699 3.5
      vertex 4.27234 1.80699 3.5
    endloop
  endfacet
  facet normal 0 0 1
    outer loop
      vertex 4.11732 1.64485 3.5
      vertex 4.11732 -1.64485 3.5
      vertex 4.27234 -1.80699 3.5
    endloop
  endfacet
  facet normal -0 0 1
    outer loop
      vertex 3.97746 1.46946 3.5
      vertex 4.11732 -1.64485 3.5
      vertex 4.11732 1.64485 3.5
    endloop
  endfacet
  facet normal 0 0 1
    outer loop
      vertex 3.97746 1.46946 3.5
      vertex 3.97746 -1.46946 3.5
      vertex 4.11732 -1.64485 3.5
    endloop
  endfacet
  facet normal -0 0 1
    outer loop
      vertex 3.85388 1.28225 3.5
      vertex 3.97746 -1.46946 3.5
      vertex 3.97746 1.46946 3.5
    endloop
  endfacet
  facet normal 0 0 1
    outer loop
      vertex 3.85388 1.28225 3.5
      vertex 3.85388 -1.28225 3.5
      vertex 3.97746 -1.46946 3.5
    endloop
  endfacet
  facet normal -0 0 1
    outer loop
      vertex 3.74758 1.08471 3.5
      vertex 3.85388 -1.28225 3.5
      vertex 3.85388 1.28225 3.5
    endloop
  endfacet
  facet normal 0 0 1
    outer loop
      vertex 3.74758 1.08471 3.5
      vertex 3.74758 -1.08471 3.5
      vertex 3.85388 -1.28225 3.5
    endloop
  endfacet
  facet normal -0 0 1
    outer loop
      vertex 3.65941 0.878437 3.5
      vertex 3.74758 -1.08471 3.5
      vertex 3.74758 1.08471 3.5
    endloop
  endfacet
  facet normal 0 0 1
    outer loop
      vertex 3.65941 0.878437 3.5
      vertex 3.65941 -0.878437 3.5
      vertex 3.74758 -1.08471 3.5
    endloop
  endfacet
  facet normal -0 0 1
    outer loop
      vertex 3.59009 0.665092 3.5
      vertex 3.65941 -0.878437 3.5
      vertex 3.65941 0.878437 3.5
    endloop
  endfacet
  facet normal 0 0 1
    outer loop
      vertex 3.59009 0.665092 3.5
      vertex 3.59009 -0.665092 3.5
      vertex 3.65941 -0.878437 3.5
    endloop
  endfacet
  facet normal -0 0 1
    outer loop
      vertex 3.54018 0.446392 3.5
      vertex 3.59009 -0.665092 3.5
      vertex 3.59009 0.665092 3.5
    endloop
  endfacet
  facet normal 0 0 1
    outer loop
      vertex 3.54018 0.446392 3.5
      vertex 3.54018 -0.446392 3.5
      vertex 3.59009 -0.665092 3.5
    endloop
  endfacet
  facet normal -0 0 1
    outer loop
      vertex 3.51006 0.224098 3.5
      vertex 3.54018 -0.446392 3.5
      vertex 3.54018 0.446392 3.5
    endloop
  endfacet
  facet normal 0 0 1
    outer loop
      vertex 3.51006 0.224098 3.5
      vertex 3.51006 -0.224098 3.5
      vertex 3.54018 -0.446392 3.5
    endloop
  endfacet
  facet normal 0 -0 1
    outer loop
      vertex 3.51006 -0.224098 3.5
      vertex 3.51006 0.224098 3.5
      vertex 3.5 0 3.5
    endloop
  endfacet
  facet normal -0.974935 0.222492 0
    outer loop
      vertex 3.54018 0.446392 -3.5
      vertex 3.59009 0.665092 3.5
      vertex 3.59009 0.665092 -3.5
    endloop
  endfacet
  facet normal -0.974935 0.222492 0
    outer loop
      vertex 3.59009 0.665092 3.5
      vertex 3.54018 0.446392 -3.5
      vertex 3.54018 0.446392 3.5
    endloop
  endfacet
  facet normal -0.990945 0.134269 0
    outer loop
      vertex 3.51006 0.224098 -3.5
      vertex 3.54018 0.446392 3.5
      vertex 3.54018 0.446392 -3.5
    endloop
  endfacet
  facet normal -0.990945 0.134269 0
    outer loop
      vertex 3.54018 0.446392 3.5
      vertex 3.51006 0.224098 -3.5
      vertex 3.51006 0.224098 3.5
    endloop
  endfacet
  facet normal -0.91952 0.393043 0
    outer loop
      vertex 3.65941 0.878437 -3.5
      vertex 3.74758 1.08471 3.5
      vertex 3.74758 1.08471 -3.5
    endloop
  endfacet
  facet normal -0.91952 0.393043 0
    outer loop
      vertex 3.74758 1.08471 3.5
      vertex 3.65941 0.878437 -3.5
      vertex 3.65941 0.878437 3.5
    endloop
  endfacet
  facet normal -0.880597 0.473866 0
    outer loop
      vertex 3.74758 1.08471 -3.5
      vertex 3.85388 1.28225 3.5
      vertex 3.85388 1.28225 -3.5
    endloop
  endfacet
  facet normal -0.880597 0.473866 0
    outer loop
      vertex 3.85388 1.28225 3.5
      vertex 3.74758 1.08471 -3.5
      vertex 3.74758 1.08471 3.5
    endloop
  endfacet
  facet normal -0.351368 0.936238 0
    outer loop
      vertex 5.22746 2.37764 -3.5
      vertex 5.01744 2.29882 3.5
      vertex 5.22746 2.37764 3.5
    endloop
  endfacet
  facet normal -0.351368 0.936238 0
    outer loop
      vertex 5.01744 2.29882 3.5
      vertex 5.22746 2.37764 -3.5
      vertex 5.01744 2.29882 -3.5
    endloop
  endfacet
  facet normal -0.178536 0.983933 0
    outer loop
      vertex 5.66442 2.47737 -3.5
      vertex 5.4437 2.43732 3.5
      vertex 5.66442 2.47737 3.5
    endloop
  endfacet
  facet normal -0.178536 0.983933 0
    outer loop
      vertex 5.4437 2.43732 3.5
      vertex 5.66442 2.47737 -3.5
      vertex 5.4437 2.43732 -3.5
    endloop
  endfacet
  facet normal -0.587755 0.809039 0
    outer loop
      vertex 4.62276 2.08643 -3.5
      vertex 4.44127 1.95458 3.5
      vertex 4.62276 2.08643 3.5
    endloop
  endfacet
  facet normal -0.587755 0.809039 0
    outer loop
      vertex 4.44127 1.95458 3.5
      vertex 4.62276 2.08643 -3.5
      vertex 4.44127 1.95458 -3.5
    endloop
  endfacet
  facet normal -0.657939 0.753071 0
    outer loop
      vertex 4.44127 1.95458 -3.5
      vertex 4.27234 1.80699 3.5
      vertex 4.44127 1.95458 3.5
    endloop
  endfacet
  facet normal -0.657939 0.753071 0
    outer loop
      vertex 4.27234 1.80699 3.5
      vertex 4.44127 1.95458 -3.5
      vertex 4.27234 1.80699 -3.5
    endloop
  endfacet
  facet normal -0.512915 0.858439 0
    outer loop
      vertex 4.81533 2.20149 -3.5
      vertex 4.62276 2.08643 3.5
      vertex 4.81533 2.20149 3.5
    endloop
  endfacet
  facet normal -0.512915 0.858439 0
    outer loop
      vertex 4.62276 2.08643 3.5
      vertex 4.81533 2.20149 -3.5
      vertex 4.62276 2.08643 -3.5
    endloop
  endfacet
  facet normal 0.998992 0.0448904 0
    outer loop
      vertex 8.5 0 3.5
      vertex 8.48993 0.224098 -3.5
      vertex 8.48993 0.224098 3.5
    endloop
  endfacet
  facet normal 0.998992 0.0448904 0
    outer loop
      vertex 8.48993 0.224098 -3.5
      vertex 8.5 0 3.5
      vertex 8.5 0 -3.5
    endloop
  endfacet
  facet normal 0.974935 -0.222492 0
    outer loop
      vertex 8.40991 -0.665092 3.5
      vertex 8.45982 -0.446392 -3.5
      vertex 8.45982 -0.446392 3.5
    endloop
  endfacet
  facet normal 0.974935 -0.222492 0
    outer loop
      vertex 8.45982 -0.446392 -3.5
      vertex 8.40991 -0.665092 3.5
      vertex 8.40991 -0.665092 -3.5
    endloop
  endfacet
  facet normal 0.0896474 -0.995974 0
    outer loop
      vertex 6.11216 -2.49748 -3.5
      vertex 6.33558 -2.47737 3.5
      vertex 6.11216 -2.49748 3.5
    endloop
  endfacet
  facet normal 0.0896474 -0.995974 0
    outer loop
      vertex 6.33558 -2.47737 3.5
      vertex 6.11216 -2.49748 -3.5
      vertex 6.33558 -2.47737 -3.5
    endloop
  endfacet
  facet normal -0.91952 -0.393043 0
    outer loop
      vertex 3.74758 -1.08471 -3.5
      vertex 3.65941 -0.878437 3.5
      vertex 3.65941 -0.878437 -3.5
    endloop
  endfacet
  facet normal -0.91952 -0.393043 0
    outer loop
      vertex 3.65941 -0.878437 3.5
      vertex 3.74758 -1.08471 -3.5
      vertex 3.74758 -1.08471 3.5
    endloop
  endfacet
  facet normal -0.722799 -0.691059 0
    outer loop
      vertex 4.27234 -1.80699 -3.5
      vertex 4.11732 -1.64485 3.5
      vertex 4.11732 -1.64485 -3.5
    endloop
  endfacet
  facet normal -0.722799 -0.691059 0
    outer loop
      vertex 4.11732 -1.64485 3.5
      vertex 4.27234 -1.80699 -3.5
      vertex 4.27234 -1.80699 3.5
    endloop
  endfacet
  facet normal 0.178536 -0.983933 0
    outer loop
      vertex 6.33558 -2.47737 -3.5
      vertex 6.5563 -2.43732 3.5
      vertex 6.33558 -2.47737 3.5
    endloop
  endfacet
  facet normal 0.178536 -0.983933 0
    outer loop
      vertex 6.5563 -2.43732 3.5
      vertex 6.33558 -2.47737 -3.5
      vertex 6.5563 -2.43732 -3.5
    endloop
  endfacet
  facet normal 0.880597 0.473866 0
    outer loop
      vertex 8.25242 1.08471 3.5
      vertex 8.14612 1.28225 -3.5
      vertex 8.14612 1.28225 3.5
    endloop
  endfacet
  facet normal 0.880597 0.473866 0
    outer loop
      vertex 8.14612 1.28225 -3.5
      vertex 8.25242 1.08471 3.5
      vertex 8.25242 1.08471 -3.5
    endloop
  endfacet
  facet normal 0.91952 0.393043 0
    outer loop
      vertex 8.34059 0.878437 3.5
      vertex 8.25242 1.08471 -3.5
      vertex 8.25242 1.08471 3.5
    endloop
  endfacet
  facet normal 0.91952 0.393043 0
    outer loop
      vertex 8.25242 1.08471 -3.5
      vertex 8.34059 0.878437 3.5
      vertex 8.34059 0.878437 -3.5
    endloop
  endfacet
  facet normal 0.951057 0.309017 0
    outer loop
      vertex 8.40991 0.665092 3.5
      vertex 8.34059 0.878437 -3.5
      vertex 8.34059 0.878437 3.5
    endloop
  endfacet
  facet normal 0.951057 0.309017 0
    outer loop
      vertex 8.34059 0.878437 -3.5
      vertex 8.40991 0.665092 3.5
      vertex 8.40991 0.665092 -3.5
    endloop
  endfacet
  facet normal 0.43388 0.900971 -0
    outer loop
      vertex 7.18467 2.20149 -3.5
      vertex 6.98256 2.29882 3.5
      vertex 7.18467 2.20149 3.5
    endloop
  endfacet
  facet normal 0.43388 0.900971 0
    outer loop
      vertex 6.98256 2.29882 3.5
      vertex 7.18467 2.20149 -3.5
      vertex 6.98256 2.29882 -3.5
    endloop
  endfacet
  facet normal 0.351368 0.936238 -0
    outer loop
      vertex 6.98256 2.29882 -3.5
      vertex 6.77254 2.37764 3.5
      vertex 6.98256 2.29882 3.5
    endloop
  endfacet
  facet normal 0.351368 0.936238 0
    outer loop
      vertex 6.77254 2.37764 3.5
      vertex 6.98256 2.29882 -3.5
      vertex 6.77254 2.37764 -3.5
    endloop
  endfacet
  facet normal -0.998994 -0.0448459 0
    outer loop
      vertex 3.51006 -0.224098 -3.5
      vertex 3.5 0 3.5
      vertex 3.5 0 -3.5
    endloop
  endfacet
  facet normal -0.998994 -0.0448459 0
    outer loop
      vertex 3.5 0 3.5
      vertex 3.51006 -0.224098 -3.5
      vertex 3.51006 -0.224098 3.5
    endloop
  endfacet
  facet normal -0.722799 0.691059 0
    outer loop
      vertex 4.11732 1.64485 -3.5
      vertex 4.27234 1.80699 3.5
      vertex 4.27234 1.80699 -3.5
    endloop
  endfacet
  facet normal -0.722799 0.691059 0
    outer loop
      vertex 4.27234 1.80699 3.5
      vertex 4.11732 1.64485 -3.5
      vertex 4.11732 1.64485 3.5
    endloop
  endfacet
  facet normal -0.781851 0.623466 0
    outer loop
      vertex 3.97746 1.46946 -3.5
      vertex 4.11732 1.64485 3.5
      vertex 4.11732 1.64485 -3.5
    endloop
  endfacet
  facet normal -0.781851 0.623466 0
    outer loop
      vertex 4.11732 1.64485 3.5
      vertex 3.97746 1.46946 -3.5
      vertex 3.97746 1.46946 3.5
    endloop
  endfacet
  facet normal 0.990951 -0.134226 0
    outer loop
      vertex 8.45982 -0.446392 3.5
      vertex 8.48993 -0.224098 -3.5
      vertex 8.48993 -0.224098 3.5
    endloop
  endfacet
  facet normal 0.990951 -0.134226 0
    outer loop
      vertex 8.48993 -0.224098 -3.5
      vertex 8.45982 -0.446392 3.5
      vertex 8.45982 -0.446392 -3.5
    endloop
  endfacet
  facet normal 0.781851 -0.623466 0
    outer loop
      vertex 7.88268 -1.64485 3.5
      vertex 8.02254 -1.46946 -3.5
      vertex 8.02254 -1.46946 3.5
    endloop
  endfacet
  facet normal 0.781851 -0.623466 0
    outer loop
      vertex 8.02254 -1.46946 -3.5
      vertex 7.88268 -1.64485 3.5
      vertex 7.88268 -1.64485 -3.5
    endloop
  endfacet
  facet normal 0.834566 -0.550909 0
    outer loop
      vertex 8.02254 -1.46946 3.5
      vertex 8.14612 -1.28225 -3.5
      vertex 8.14612 -1.28225 3.5
    endloop
  endfacet
  facet normal 0.834566 -0.550909 0
    outer loop
      vertex 8.14612 -1.28225 -3.5
      vertex 8.02254 -1.46946 3.5
      vertex 8.02254 -1.46946 -3.5
    endloop
  endfacet
  facet normal 0.91952 -0.393043 0
    outer loop
      vertex 8.25242 -1.08471 3.5
      vertex 8.34059 -0.878437 -3.5
      vertex 8.34059 -0.878437 3.5
    endloop
  endfacet
  facet normal 0.91952 -0.393043 0
    outer loop
      vertex 8.34059 -0.878437 -3.5
      vertex 8.25242 -1.08471 3.5
      vertex 8.25242 -1.08471 -3.5
    endloop
  endfacet
  facet normal -0.178536 -0.983933 0
    outer loop
      vertex 5.4437 -2.43732 -3.5
      vertex 5.66442 -2.47737 3.5
      vertex 5.4437 -2.43732 3.5
    endloop
  endfacet
  facet normal -0.178536 -0.983933 -0
    outer loop
      vertex 5.66442 -2.47737 3.5
      vertex 5.4437 -2.43732 -3.5
      vertex 5.66442 -2.47737 -3.5
    endloop
  endfacet
  facet normal -0.951057 -0.309017 0
    outer loop
      vertex 3.65941 -0.878437 -3.5
      vertex 3.59009 -0.665092 3.5
      vertex 3.59009 -0.665092 -3.5
    endloop
  endfacet
  facet normal -0.951057 -0.309017 0
    outer loop
      vertex 3.59009 -0.665092 3.5
      vertex 3.65941 -0.878437 -3.5
      vertex 3.65941 -0.878437 3.5
    endloop
  endfacet
  facet normal -0.657939 -0.753071 0
    outer loop
      vertex 4.27234 -1.80699 -3.5
      vertex 4.44127 -1.95458 3.5
      vertex 4.27234 -1.80699 3.5
    endloop
  endfacet
  facet normal -0.657939 -0.753071 -0
    outer loop
      vertex 4.44127 -1.95458 3.5
      vertex 4.27234 -1.80699 -3.5
      vertex 4.44127 -1.95458 -3.5
    endloop
  endfacet
  facet normal 0.351368 -0.936238 0
    outer loop
      vertex 6.77254 -2.37764 -3.5
      vertex 6.98256 -2.29882 3.5
      vertex 6.77254 -2.37764 3.5
    endloop
  endfacet
  facet normal 0.351368 -0.936238 0
    outer loop
      vertex 6.98256 -2.29882 3.5
      vertex 6.77254 -2.37764 -3.5
      vertex 6.98256 -2.29882 -3.5
    endloop
  endfacet
  facet normal 0.266043 -0.963961 0
    outer loop
      vertex 6.5563 -2.43732 -3.5
      vertex 6.77254 -2.37764 3.5
      vertex 6.5563 -2.43732 3.5
    endloop
  endfacet
  facet normal 0.266043 -0.963961 0
    outer loop
      vertex 6.77254 -2.37764 3.5
      vertex 6.5563 -2.43732 -3.5
      vertex 6.77254 -2.37764 -3.5
    endloop
  endfacet
  facet normal 0.43388 -0.900971 0
    outer loop
      vertex 6.98256 -2.29882 -3.5
      vertex 7.18467 -2.20149 3.5
      vertex 6.98256 -2.29882 3.5
    endloop
  endfacet
  facet normal 0.43388 -0.900971 0
    outer loop
      vertex 7.18467 -2.20149 3.5
      vertex 6.98256 -2.29882 -3.5
      vertex 7.18467 -2.20149 -3.5
    endloop
  endfacet
  facet normal 0.974935 0.222492 0
    outer loop
      vertex 8.45982 0.446392 3.5
      vertex 8.40991 0.665092 -3.5
      vertex 8.40991 0.665092 3.5
    endloop
  endfacet
  facet normal 0.974935 0.222492 0
    outer loop
      vertex 8.40991 0.665092 -3.5
      vertex 8.45982 0.446392 3.5
      vertex 8.45982 0.446392 -3.5
    endloop
  endfacet
  facet normal 0.657917 -0.75309 0
    outer loop
      vertex 7.55872 -1.95458 -3.5
      vertex 7.72766 -1.80699 3.5
      vertex 7.55872 -1.95458 3.5
    endloop
  endfacet
  facet normal 0.657917 -0.75309 0
    outer loop
      vertex 7.72766 -1.80699 3.5
      vertex 7.55872 -1.95458 -3.5
      vertex 7.72766 -1.80699 -3.5
    endloop
  endfacet
  facet normal 0.722799 -0.691059 0
    outer loop
      vertex 7.72766 -1.80699 3.5
      vertex 7.88268 -1.64485 -3.5
      vertex 7.88268 -1.64485 3.5
    endloop
  endfacet
  facet normal 0.722799 -0.691059 0
    outer loop
      vertex 7.88268 -1.64485 -3.5
      vertex 7.72766 -1.80699 3.5
      vertex 7.72766 -1.80699 -3.5
    endloop
  endfacet
  facet normal 0.951057 -0.309017 0
    outer loop
      vertex 8.34059 -0.878437 3.5
      vertex 8.40991 -0.665092 -3.5
      vertex 8.40991 -0.665092 3.5
    endloop
  endfacet
  facet normal 0.951057 -0.309017 0
    outer loop
      vertex 8.40991 -0.665092 -3.5
      vertex 8.34059 -0.878437 3.5
      vertex 8.34059 -0.878437 -3.5
    endloop
  endfacet
  facet normal 0.880597 -0.473866 0
    outer loop
      vertex 8.14612 -1.28225 3.5
      vertex 8.25242 -1.08471 -3.5
      vertex 8.25242 -1.08471 3.5
    endloop
  endfacet
  facet normal 0.880597 -0.473866 0
    outer loop
      vertex 8.25242 -1.08471 -3.5
      vertex 8.14612 -1.28225 3.5
      vertex 8.14612 -1.28225 -3.5
    endloop
  endfacet
  facet normal 0 -1 0
    outer loop
      vertex 5.88784 -2.49748 -3.5
      vertex 6.11216 -2.49748 3.5
      vertex 5.88784 -2.49748 3.5
    endloop
  endfacet
  facet normal 0 -1 -0
    outer loop
      vertex 6.11216 -2.49748 3.5
      vertex 5.88784 -2.49748 -3.5
      vertex 6.11216 -2.49748 -3.5
    endloop
  endfacet
  facet normal -0.0896474 -0.995974 0
    outer loop
      vertex 5.66442 -2.47737 -3.5
      vertex 5.88784 -2.49748 3.5
      vertex 5.66442 -2.47737 3.5
    endloop
  endfacet
  facet normal -0.0896474 -0.995974 -0
    outer loop
      vertex 5.88784 -2.49748 3.5
      vertex 5.66442 -2.47737 -3.5
      vertex 5.88784 -2.49748 -3.5
    endloop
  endfacet
  facet normal -0.880597 -0.473866 0
    outer loop
      vertex 3.85388 -1.28225 -3.5
      vertex 3.74758 -1.08471 3.5
      vertex 3.74758 -1.08471 -3.5
    endloop
  endfacet
  facet normal -0.880597 -0.473866 0
    outer loop
      vertex 3.74758 -1.08471 3.5
      vertex 3.85388 -1.28225 -3.5
      vertex 3.85388 -1.28225 3.5
    endloop
  endfacet
  facet normal -0.974935 -0.222492 0
    outer loop
      vertex 3.59009 -0.665092 -3.5
      vertex 3.54018 -0.446392 3.5
      vertex 3.54018 -0.446392 -3.5
    endloop
  endfacet
  facet normal -0.974935 -0.222492 0
    outer loop
      vertex 3.54018 -0.446392 3.5
      vertex 3.59009 -0.665092 -3.5
      vertex 3.59009 -0.665092 3.5
    endloop
  endfacet
  facet normal -0.990945 -0.134269 0
    outer loop
      vertex 3.54018 -0.446392 -3.5
      vertex 3.51006 -0.224098 3.5
      vertex 3.51006 -0.224098 -3.5
    endloop
  endfacet
  facet normal -0.990945 -0.134269 0
    outer loop
      vertex 3.51006 -0.224098 3.5
      vertex 3.54018 -0.446392 -3.5
      vertex 3.54018 -0.446392 3.5
    endloop
  endfacet
  facet normal -0.781851 -0.623466 0
    outer loop
      vertex 4.11732 -1.64485 -3.5
      vertex 3.97746 -1.46946 3.5
      vertex 3.97746 -1.46946 -3.5
    endloop
  endfacet
  facet normal -0.781851 -0.623466 0
    outer loop
      vertex 3.97746 -1.46946 3.5
      vertex 4.11732 -1.64485 -3.5
      vertex 4.11732 -1.64485 3.5
    endloop
  endfacet
  facet normal 0.587777 -0.809023 0
    outer loop
      vertex 7.37724 -2.08643 -3.5
      vertex 7.55872 -1.95458 3.5
      vertex 7.37724 -2.08643 3.5
    endloop
  endfacet
  facet normal 0.587777 -0.809023 0
    outer loop
      vertex 7.55872 -1.95458 3.5
      vertex 7.37724 -2.08643 -3.5
      vertex 7.55872 -1.95458 -3.5
    endloop
  endfacet
  facet normal -0.512915 -0.858439 0
    outer loop
      vertex 4.62276 -2.08643 -3.5
      vertex 4.81533 -2.20149 3.5
      vertex 4.62276 -2.08643 3.5
    endloop
  endfacet
  facet normal -0.512915 -0.858439 -0
    outer loop
      vertex 4.81533 -2.20149 3.5
      vertex 4.62276 -2.08643 -3.5
      vertex 4.81533 -2.20149 -3.5
    endloop
  endfacet
  facet normal -0.266043 -0.963961 0
    outer loop
      vertex 5.22746 -2.37764 -3.5
      vertex 5.4437 -2.43732 3.5
      vertex 5.22746 -2.37764 3.5
    endloop
  endfacet
  facet normal -0.266043 -0.963961 -0
    outer loop
      vertex 5.4437 -2.43732 3.5
      vertex 5.22746 -2.37764 -3.5
      vertex 5.4437 -2.43732 -3.5
    endloop
  endfacet
  facet normal -0.43388 -0.900971 0
    outer loop
      vertex 4.81533 -2.20149 -3.5
      vertex 5.01744 -2.29882 3.5
      vertex 4.81533 -2.20149 3.5
    endloop
  endfacet
  facet normal -0.43388 -0.900971 -0
    outer loop
      vertex 5.01744 -2.29882 3.5
      vertex 4.81533 -2.20149 -3.5
      vertex 5.01744 -2.29882 -3.5
    endloop
  endfacet
  facet normal -0.351368 -0.936238 0
    outer loop
      vertex 5.01744 -2.29882 -3.5
      vertex 5.22746 -2.37764 3.5
      vertex 5.01744 -2.29882 3.5
    endloop
  endfacet
  facet normal -0.351368 -0.936238 -0
    outer loop
      vertex 5.22746 -2.37764 3.5
      vertex 5.01744 -2.29882 -3.5
      vertex 5.22746 -2.37764 -3.5
    endloop
  endfacet
  facet normal 0.834566 0.550909 0
    outer loop
      vertex 2.14612 1.28225 3.5
      vertex 2.02254 1.46946 -3.5
      vertex 2.02254 1.46946 3.5
    endloop
  endfacet
  facet normal 0.834566 0.550909 0
    outer loop
      vertex 2.02254 1.46946 -3.5
      vertex 2.14612 1.28225 3.5
      vertex 2.14612 1.28225 -3.5
    endloop
  endfacet
  facet normal 0.351368 0.936238 -0
    outer loop
      vertex 0.982562 2.29882 -3.5
      vertex 0.772542 2.37764 3.5
      vertex 0.982562 2.29882 3.5
    endloop
  endfacet
  facet normal 0.351368 0.936238 0
    outer loop
      vertex 0.772542 2.37764 3.5
      vertex 0.982562 2.29882 -3.5
      vertex 0.772542 2.37764 -3.5
    endloop
  endfacet
  facet normal -0.351368 0.936238 0
    outer loop
      vertex -0.772542 2.37764 -3.5
      vertex -0.982562 2.29882 3.5
      vertex -0.772542 2.37764 3.5
    endloop
  endfacet
  facet normal -0.351368 0.936238 0
    outer loop
      vertex -0.982562 2.29882 3.5
      vertex -0.772542 2.37764 -3.5
      vertex -0.982562 2.29882 -3.5
    endloop
  endfacet
  facet normal -0.91952 0.393043 0
    outer loop
      vertex -2.34059 0.878437 -3.5
      vertex -2.25242 1.08471 3.5
      vertex -2.25242 1.08471 -3.5
    endloop
  endfacet
  facet normal -0.91952 0.393043 0
    outer loop
      vertex -2.25242 1.08471 3.5
      vertex -2.34059 0.878437 -3.5
      vertex -2.34059 0.878437 3.5
    endloop
  endfacet
  facet normal 0.990951 -0.134226 0
    outer loop
      vertex 2.45982 -0.446392 3.5
      vertex 2.48993 -0.224098 -3.5
      vertex 2.48993 -0.224098 3.5
    endloop
  endfacet
  facet normal 0.990951 -0.134226 0
    outer loop
      vertex 2.48993 -0.224098 -3.5
      vertex 2.45982 -0.446392 3.5
      vertex 2.45982 -0.446392 -3.5
    endloop
  endfacet
  facet normal 0.089647 0.995974 -0
    outer loop
      vertex 0.335583 2.47737 -3.5
      vertex 0.112162 2.49748 3.5
      vertex 0.335583 2.47737 3.5
    endloop
  endfacet
  facet normal 0.089647 0.995974 0
    outer loop
      vertex 0.112162 2.49748 3.5
      vertex 0.335583 2.47737 -3.5
      vertex 0.112162 2.49748 -3.5
    endloop
  endfacet
  facet normal 0.512915 0.858439 -0
    outer loop
      vertex 1.37724 2.08643 -3.5
      vertex 1.18467 2.20149 3.5
      vertex 1.37724 2.08643 3.5
    endloop
  endfacet
  facet normal 0.512915 0.858439 0
    outer loop
      vertex 1.18467 2.20149 3.5
      vertex 1.37724 2.08643 -3.5
      vertex 1.18467 2.20149 -3.5
    endloop
  endfacet
  facet normal -0.990951 0.134226 0
    outer loop
      vertex -2.48993 0.224098 -3.5
      vertex -2.45982 0.446392 3.5
      vertex -2.45982 0.446392 -3.5
    endloop
  endfacet
  facet normal -0.990951 0.134226 0
    outer loop
      vertex -2.45982 0.446392 3.5
      vertex -2.48993 0.224098 -3.5
      vertex -2.48993 0.224098 3.5
    endloop
  endfacet
  facet normal -0.722799 0.691059 0
    outer loop
      vertex -1.88268 1.64485 -3.5
      vertex -1.72766 1.80699 3.5
      vertex -1.72766 1.80699 -3.5
    endloop
  endfacet
  facet normal -0.722799 0.691059 0
    outer loop
      vertex -1.72766 1.80699 3.5
      vertex -1.88268 1.64485 -3.5
      vertex -1.88268 1.64485 3.5
    endloop
  endfacet
  facet normal -0.178537 0.983933 0
    outer loop
      vertex -0.335583 2.47737 -3.5
      vertex -0.556302 2.43732 3.5
      vertex -0.335583 2.47737 3.5
    endloop
  endfacet
  facet normal -0.178537 0.983933 0
    outer loop
      vertex -0.556302 2.43732 3.5
      vertex -0.335583 2.47737 -3.5
      vertex -0.556302 2.43732 -3.5
    endloop
  endfacet
  facet normal -0.433883 -0.900969 0
    outer loop
      vertex -1.18467 -2.20149 -3.5
      vertex -0.982562 -2.29882 3.5
      vertex -1.18467 -2.20149 3.5
    endloop
  endfacet
  facet normal -0.433883 -0.900969 -0
    outer loop
      vertex -0.982562 -2.29882 3.5
      vertex -1.18467 -2.20149 -3.5
      vertex -0.982562 -2.29882 -3.5
    endloop
  endfacet
  facet normal -0.91952 -0.393043 0
    outer loop
      vertex -2.25242 -1.08471 -3.5
      vertex -2.34059 -0.878437 3.5
      vertex -2.34059 -0.878437 -3.5
    endloop
  endfacet
  facet normal -0.91952 -0.393043 0
    outer loop
      vertex -2.34059 -0.878437 3.5
      vertex -2.25242 -1.08471 -3.5
      vertex -2.25242 -1.08471 3.5
    endloop
  endfacet
  facet normal 0.990951 0.134226 0
    outer loop
      vertex 2.48993 0.224098 3.5
      vertex 2.45982 0.446392 -3.5
      vertex 2.45982 0.446392 3.5
    endloop
  endfacet
  facet normal 0.990951 0.134226 0
    outer loop
      vertex 2.45982 0.446392 -3.5
      vertex 2.48993 0.224098 3.5
      vertex 2.48993 0.224098 -3.5
    endloop
  endfacet
  facet normal 0.781851 0.623466 0
    outer loop
      vertex 2.02254 1.46946 3.5
      vertex 1.88268 1.64485 -3.5
      vertex 1.88268 1.64485 3.5
    endloop
  endfacet
  facet normal 0.781851 0.623466 0
    outer loop
      vertex 1.88268 1.64485 -3.5
      vertex 2.02254 1.46946 3.5
      vertex 2.02254 1.46946 -3.5
    endloop
  endfacet
  facet normal 0.657917 0.75309 -0
    outer loop
      vertex 1.72766 1.80699 -3.5
      vertex 1.55872 1.95458 3.5
      vertex 1.72766 1.80699 3.5
    endloop
  endfacet
  facet normal 0.657917 0.75309 0
    outer loop
      vertex 1.55872 1.95458 3.5
      vertex 1.72766 1.80699 -3.5
      vertex 1.55872 1.95458 -3.5
    endloop
  endfacet
  facet normal 0 1 -0
    outer loop
      vertex 0.112162 2.49748 -3.5
      vertex -0.112162 2.49748 3.5
      vertex 0.112162 2.49748 3.5
    endloop
  endfacet
  facet normal 0 1 0
    outer loop
      vertex -0.112162 2.49748 3.5
      vertex 0.112162 2.49748 -3.5
      vertex -0.112162 2.49748 -3.5
    endloop
  endfacet
  facet normal 0.266043 0.963961 -0
    outer loop
      vertex 0.772542 2.37764 -3.5
      vertex 0.556302 2.43732 3.5
      vertex 0.772542 2.37764 3.5
    endloop
  endfacet
  facet normal 0.266043 0.963961 0
    outer loop
      vertex 0.556302 2.43732 3.5
      vertex 0.772542 2.37764 -3.5
      vertex 0.556302 2.43732 -3.5
    endloop
  endfacet
  facet normal 0.178537 0.983933 -0
    outer loop
      vertex 0.556302 2.43732 -3.5
      vertex 0.335583 2.47737 3.5
      vertex 0.556302 2.43732 3.5
    endloop
  endfacet
  facet normal 0.178537 0.983933 0
    outer loop
      vertex 0.335583 2.47737 3.5
      vertex 0.556302 2.43732 -3.5
      vertex 0.335583 2.47737 -3.5
    endloop
  endfacet
  facet normal 0.433883 0.900969 -0
    outer loop
      vertex 1.18467 2.20149 -3.5
      vertex 0.982562 2.29882 3.5
      vertex 1.18467 2.20149 3.5
    endloop
  endfacet
  facet normal 0.433883 0.900969 0
    outer loop
      vertex 0.982562 2.29882 3.5
      vertex 1.18467 2.20149 -3.5
      vertex 0.982562 2.29882 -3.5
    endloop
  endfacet
  facet normal 0.587777 0.809023 -0
    outer loop
      vertex 1.55872 1.95458 -3.5
      vertex 1.37724 2.08643 3.5
      vertex 1.55872 1.95458 3.5
    endloop
  endfacet
  facet normal 0.587777 0.809023 0
    outer loop
      vertex 1.37724 2.08643 3.5
      vertex 1.55872 1.95458 -3.5
      vertex 1.37724 2.08643 -3.5
    endloop
  endfacet
  facet normal -0.998992 0.0448904 0
    outer loop
      vertex -2.5 0 -3.5
      vertex -2.48993 0.224098 3.5
      vertex -2.48993 0.224098 -3.5
    endloop
  endfacet
  facet normal -0.998992 0.0448904 0
    outer loop
      vertex -2.48993 0.224098 3.5
      vertex -2.5 0 -3.5
      vertex -2.5 0 3.5
    endloop
  endfacet
  facet normal 0 0 1
    outer loop
      vertex 2.48993 0.224098 3.5
      vertex 2.48993 -0.224098 3.5
      vertex 2.5 0 3.5
    endloop
  endfacet
  facet normal 0 0 1
    outer loop
      vertex 2.45982 0.446392 3.5
      vertex 2.48993 -0.224098 3.5
      vertex 2.48993 0.224098 3.5
    endloop
  endfacet
  facet normal 0 0 1
    outer loop
      vertex 2.45982 0.446392 3.5
      vertex 2.45982 -0.446392 3.5
      vertex 2.48993 -0.224098 3.5
    endloop
  endfacet
  facet normal 0 0 1
    outer loop
      vertex 2.40991 0.665092 3.5
      vertex 2.45982 -0.446392 3.5
      vertex 2.45982 0.446392 3.5
    endloop
  endfacet
  facet normal 0 0 1
    outer loop
      vertex 2.40991 0.665092 3.5
      vertex 2.40991 -0.665092 3.5
      vertex 2.45982 -0.446392 3.5
    endloop
  endfacet
  facet normal 0 0 1
    outer loop
      vertex 2.34059 0.878437 3.5
      vertex 2.40991 -0.665092 3.5
      vertex 2.40991 0.665092 3.5
    endloop
  endfacet
  facet normal 0 0 1
    outer loop
      vertex 2.34059 0.878437 3.5
      vertex 2.34059 -0.878437 3.5
      vertex 2.40991 -0.665092 3.5
    endloop
  endfacet
  facet normal 0 0 1
    outer loop
      vertex 2.25242 1.08471 3.5
      vertex 2.34059 -0.878437 3.5
      vertex 2.34059 0.878437 3.5
    endloop
  endfacet
  facet normal 0 0 1
    outer loop
      vertex 2.25242 1.08471 3.5
      vertex 2.25242 -1.08471 3.5
      vertex 2.34059 -0.878437 3.5
    endloop
  endfacet
  facet normal 0 0 1
    outer loop
      vertex 2.14612 1.28225 3.5
      vertex 2.25242 -1.08471 3.5
      vertex 2.25242 1.08471 3.5
    endloop
  endfacet
  facet normal 0 0 1
    outer loop
      vertex 2.14612 1.28225 3.5
      vertex 2.14612 -1.28225 3.5
      vertex 2.25242 -1.08471 3.5
    endloop
  endfacet
  facet normal 0 0 1
    outer loop
      vertex 2.02254 1.46946 3.5
      vertex 2.14612 -1.28225 3.5
      vertex 2.14612 1.28225 3.5
    endloop
  endfacet
  facet normal 0 0 1
    outer loop
      vertex 2.02254 1.46946 3.5
      vertex 2.02254 -1.46946 3.5
      vertex 2.14612 -1.28225 3.5
    endloop
  endfacet
  facet normal 0 0 1
    outer loop
      vertex 1.88268 1.64485 3.5
      vertex 2.02254 -1.46946 3.5
      vertex 2.02254 1.46946 3.5
    endloop
  endfacet
  facet normal 0 0 1
    outer loop
      vertex 1.88268 1.64485 3.5
      vertex 1.88268 -1.64485 3.5
      vertex 2.02254 -1.46946 3.5
    endloop
  endfacet
  facet normal 0 0 1
    outer loop
      vertex 1.72766 1.80699 3.5
      vertex 1.88268 -1.64485 3.5
      vertex 1.88268 1.64485 3.5
    endloop
  endfacet
  facet normal 0 0 1
    outer loop
      vertex 1.72766 1.80699 3.5
      vertex 1.72766 -1.80699 3.5
      vertex 1.88268 -1.64485 3.5
    endloop
  endfacet
  facet normal 0 0 1
    outer loop
      vertex 1.55872 1.95458 3.5
      vertex 1.72766 -1.80699 3.5
      vertex 1.72766 1.80699 3.5
    endloop
  endfacet
  facet normal 0 0 1
    outer loop
      vertex 1.55872 1.95458 3.5
      vertex 1.55872 -1.95458 3.5
      vertex 1.72766 -1.80699 3.5
    endloop
  endfacet
  facet normal 0 0 1
    outer loop
      vertex 1.37724 2.08643 3.5
      vertex 1.55872 -1.95458 3.5
      vertex 1.55872 1.95458 3.5
    endloop
  endfacet
  facet normal 0 0 1
    outer loop
      vertex 1.37724 2.08643 3.5
      vertex 1.37724 -2.08643 3.5
      vertex 1.55872 -1.95458 3.5
    endloop
  endfacet
  facet normal 0 0 1
    outer loop
      vertex 1.18467 2.20149 3.5
      vertex 1.37724 -2.08643 3.5
      vertex 1.37724 2.08643 3.5
    endloop
  endfacet
  facet normal 0 0 1
    outer loop
      vertex 1.18467 2.20149 3.5
      vertex 1.18467 -2.20149 3.5
      vertex 1.37724 -2.08643 3.5
    endloop
  endfacet
  facet normal 0 0 1
    outer loop
      vertex 0.982562 2.29882 3.5
      vertex 1.18467 -2.20149 3.5
      vertex 1.18467 2.20149 3.5
    endloop
  endfacet
  facet normal 0 0 1
    outer loop
      vertex 0.982562 2.29882 3.5
      vertex 0.982562 -2.29882 3.5
      vertex 1.18467 -2.20149 3.5
    endloop
  endfacet
  facet normal 0 0 1
    outer loop
      vertex 0.772542 2.37764 3.5
      vertex 0.982562 -2.29882 3.5
      vertex 0.982562 2.29882 3.5
    endloop
  endfacet
  facet normal 0 0 1
    outer loop
      vertex 0.772542 2.37764 3.5
      vertex 0.772542 -2.37764 3.5
      vertex 0.982562 -2.29882 3.5
    endloop
  endfacet
  facet normal 0 0 1
    outer loop
      vertex 0.556302 2.43732 3.5
      vertex 0.772542 -2.37764 3.5
      vertex 0.772542 2.37764 3.5
    endloop
  endfacet
  facet normal 0 0 1
    outer loop
      vertex 0.556302 2.43732 3.5
      vertex 0.556302 -2.43732 3.5
      vertex 0.772542 -2.37764 3.5
    endloop
  endfacet
  facet normal 0 0 1
    outer loop
      vertex 0.335583 2.47737 3.5
      vertex 0.556302 -2.43732 3.5
      vertex 0.556302 2.43732 3.5
    endloop
  endfacet
  facet normal 0 0 1
    outer loop
      vertex 0.335583 2.47737 3.5
      vertex 0.335583 -2.47737 3.5
      vertex 0.556302 -2.43732 3.5
    endloop
  endfacet
  facet normal 0 0 1
    outer loop
      vertex 0.112162 2.49748 3.5
      vertex 0.335583 -2.47737 3.5
      vertex 0.335583 2.47737 3.5
    endloop
  endfacet
  facet normal 0 0 1
    outer loop
      vertex 0.112162 2.49748 3.5
      vertex 0.112162 -2.49748 3.5
      vertex 0.335583 -2.47737 3.5
    endloop
  endfacet
  facet normal -0 0 1
    outer loop
      vertex -0.112162 2.49748 3.5
      vertex 0.112162 -2.49748 3.5
      vertex 0.112162 2.49748 3.5
    endloop
  endfacet
  facet normal 0 0 1
    outer loop
      vertex -0.112162 2.49748 3.5
      vertex -0.112162 -2.49748 3.5
      vertex 0.112162 -2.49748 3.5
    endloop
  endfacet
  facet normal -0 0 1
    outer loop
      vertex -0.335583 2.47737 3.5
      vertex -0.112162 -2.49748 3.5
      vertex -0.112162 2.49748 3.5
    endloop
  endfacet
  facet normal 0 0 1
    outer loop
      vertex -0.335583 2.47737 3.5
      vertex -0.335583 -2.47737 3.5
      vertex -0.112162 -2.49748 3.5
    endloop
  endfacet
  facet normal -0 0 1
    outer loop
      vertex -0.556302 2.43732 3.5
      vertex -0.335583 -2.47737 3.5
      vertex -0.335583 2.47737 3.5
    endloop
  endfacet
  facet normal 0 0 1
    outer loop
      vertex -0.556302 2.43732 3.5
      vertex -0.556302 -2.43732 3.5
      vertex -0.335583 -2.47737 3.5
    endloop
  endfacet
  facet normal -0 0 1
    outer loop
      vertex -0.772542 2.37764 3.5
      vertex -0.556302 -2.43732 3.5
      vertex -0.556302 2.43732 3.5
    endloop
  endfacet
  facet normal 0 0 1
    outer loop
      vertex -0.772542 2.37764 3.5
      vertex -0.772542 -2.37764 3.5
      vertex -0.556302 -2.43732 3.5
    endloop
  endfacet
  facet normal -0 0 1
    outer loop
      vertex -0.982562 2.29882 3.5
      vertex -0.772542 -2.37764 3.5
      vertex -0.772542 2.37764 3.5
    endloop
  endfacet
  facet normal 0 0 1
    outer loop
      vertex -0.982562 2.29882 3.5
      vertex -0.982562 -2.29882 3.5
      vertex -0.772542 -2.37764 3.5
    endloop
  endfacet
  facet normal -0 0 1
    outer loop
      vertex -1.18467 2.20149 3.5
      vertex -0.982562 -2.29882 3.5
      vertex -0.982562 2.29882 3.5
    endloop
  endfacet
  facet normal 0 0 1
    outer loop
      vertex -1.18467 2.20149 3.5
      vertex -1.18467 -2.20149 3.5
      vertex -0.982562 -2.29882 3.5
    endloop
  endfacet
  facet normal -0 0 1
    outer loop
      vertex -1.37724 2.08643 3.5
      vertex -1.18467 -2.20149 3.5
      vertex -1.18467 2.20149 3.5
    endloop
  endfacet
  facet normal 0 0 1
    outer loop
      vertex -1.37724 2.08643 3.5
      vertex -1.37724 -2.08643 3.5
      vertex -1.18467 -2.20149 3.5
    endloop
  endfacet
  facet normal -0 0 1
    outer loop
      vertex -1.55872 1.95458 3.5
      vertex -1.37724 -2.08643 3.5
      vertex -1.37724 2.08643 3.5
    endloop
  endfacet
  facet normal 0 0 1
    outer loop
      vertex -1.55872 1.95458 3.5
      vertex -1.55872 -1.95458 3.5
      vertex -1.37724 -2.08643 3.5
    endloop
  endfacet
  facet normal -0 0 1
    outer loop
      vertex -1.72766 1.80699 3.5
      vertex -1.55872 -1.95458 3.5
      vertex -1.55872 1.95458 3.5
    endloop
  endfacet
  facet normal 0 0 1
    outer loop
      vertex -1.72766 1.80699 3.5
      vertex -1.72766 -1.80699 3.5
      vertex -1.55872 -1.95458 3.5
    endloop
  endfacet
  facet normal -0 0 1
    outer loop
      vertex -1.88268 1.64485 3.5
      vertex -1.72766 -1.80699 3.5
      vertex -1.72766 1.80699 3.5
    endloop
  endfacet
  facet normal 0 0 1
    outer loop
      vertex -1.88268 1.64485 3.5
      vertex -1.88268 -1.64485 3.5
      vertex -1.72766 -1.80699 3.5
    endloop
  endfacet
  facet normal -0 0 1
    outer loop
      vertex -2.02254 1.46946 3.5
      vertex -1.88268 -1.64485 3.5
      vertex -1.88268 1.64485 3.5
    endloop
  endfacet
  facet normal 0 0 1
    outer loop
      vertex -2.02254 1.46946 3.5
      vertex -2.02254 -1.46946 3.5
      vertex -1.88268 -1.64485 3.5
    endloop
  endfacet
  facet normal -0 0 1
    outer loop
      vertex -2.14612 1.28225 3.5
      vertex -2.02254 -1.46946 3.5
      vertex -2.02254 1.46946 3.5
    endloop
  endfacet
  facet normal 0 0 1
    outer loop
      vertex -2.14612 1.28225 3.5
      vertex -2.14612 -1.28225 3.5
      vertex -2.02254 -1.46946 3.5
    endloop
  endfacet
  facet normal -0 0 1
    outer loop
      vertex -2.25242 1.08471 3.5
      vertex -2.14612 -1.28225 3.5
      vertex -2.14612 1.28225 3.5
    endloop
  endfacet
  facet normal 0 0 1
    outer loop
      vertex -2.25242 1.08471 3.5
      vertex -2.25242 -1.08471 3.5
      vertex -2.14612 -1.28225 3.5
    endloop
  endfacet
  facet normal -0 0 1
    outer loop
      vertex -2.34059 0.878437 3.5
      vertex -2.25242 -1.08471 3.5
      vertex -2.25242 1.08471 3.5
    endloop
  endfacet
  facet normal 0 0 1
    outer loop
      vertex -2.34059 0.878437 3.5
      vertex -2.34059 -0.878437 3.5
      vertex -2.25242 -1.08471 3.5
    endloop
  endfacet
  facet normal -0 0 1
    outer loop
      vertex -2.40991 0.665092 3.5
      vertex -2.34059 -0.878437 3.5
      vertex -2.34059 0.878437 3.5
    endloop
  endfacet
  facet normal 0 0 1
    outer loop
      vertex -2.40991 0.665092 3.5
      vertex -2.40991 -0.665092 3.5
      vertex -2.34059 -0.878437 3.5
    endloop
  endfacet
  facet normal -0 0 1
    outer loop
      vertex -2.45982 0.446392 3.5
      vertex -2.40991 -0.665092 3.5
      vertex -2.40991 0.665092 3.5
    endloop
  endfacet
  facet normal 0 0 1
    outer loop
      vertex -2.45982 0.446392 3.5
      vertex -2.45982 -0.446392 3.5
      vertex -2.40991 -0.665092 3.5
    endloop
  endfacet
  facet normal -0 0 1
    outer loop
      vertex -2.48993 0.224098 3.5
      vertex -2.45982 -0.446392 3.5
      vertex -2.45982 0.446392 3.5
    endloop
  endfacet
  facet normal 0 0 1
    outer loop
      vertex -2.48993 0.224098 3.5
      vertex -2.48993 -0.224098 3.5
      vertex -2.45982 -0.446392 3.5
    endloop
  endfacet
  facet normal 0 -0 1
    outer loop
      vertex -2.48993 -0.224098 3.5
      vertex -2.48993 0.224098 3.5
      vertex -2.5 0 3.5
    endloop
  endfacet
  facet normal -0.951057 0.309017 0
    outer loop
      vertex -2.40991 0.665092 -3.5
      vertex -2.34059 0.878437 3.5
      vertex -2.34059 0.878437 -3.5
    endloop
  endfacet
  facet normal -0.951057 0.309017 0
    outer loop
      vertex -2.34059 0.878437 3.5
      vertex -2.40991 0.665092 -3.5
      vertex -2.40991 0.665092 3.5
    endloop
  endfacet
  facet normal -0.974935 0.222492 0
    outer loop
      vertex -2.45982 0.446392 -3.5
      vertex -2.40991 0.665092 3.5
      vertex -2.40991 0.665092 -3.5
    endloop
  endfacet
  facet normal -0.974935 0.222492 0
    outer loop
      vertex -2.40991 0.665092 3.5
      vertex -2.45982 0.446392 -3.5
      vertex -2.45982 0.446392 3.5
    endloop
  endfacet
  facet normal -0.880597 0.473866 0
    outer loop
      vertex -2.25242 1.08471 -3.5
      vertex -2.14612 1.28225 3.5
      vertex -2.14612 1.28225 -3.5
    endloop
  endfacet
  facet normal -0.880597 0.473866 0
    outer loop
      vertex -2.14612 1.28225 3.5
      vertex -2.25242 1.08471 -3.5
      vertex -2.25242 1.08471 3.5
    endloop
  endfacet
  facet normal -0.834566 0.550909 0
    outer loop
      vertex -2.14612 1.28225 -3.5
      vertex -2.02254 1.46946 3.5
      vertex -2.02254 1.46946 -3.5
    endloop
  endfacet
  facet normal -0.834566 0.550909 0
    outer loop
      vertex -2.02254 1.46946 3.5
      vertex -2.14612 1.28225 -3.5
      vertex -2.14612 1.28225 3.5
    endloop
  endfacet
  facet normal -0.266043 0.963961 0
    outer loop
      vertex -0.556302 2.43732 -3.5
      vertex -0.772542 2.37764 3.5
      vertex -0.556302 2.43732 3.5
    endloop
  endfacet
  facet normal -0.266043 0.963961 0
    outer loop
      vertex -0.772542 2.37764 3.5
      vertex -0.556302 2.43732 -3.5
      vertex -0.772542 2.37764 -3.5
    endloop
  endfacet
  facet normal -0.089647 0.995974 0
    outer loop
      vertex -0.112162 2.49748 -3.5
      vertex -0.335583 2.47737 3.5
      vertex -0.112162 2.49748 3.5
    endloop
  endfacet
  facet normal -0.089647 0.995974 0
    outer loop
      vertex -0.335583 2.47737 3.5
      vertex -0.112162 2.49748 -3.5
      vertex -0.335583 2.47737 -3.5
    endloop
  endfacet
  facet normal -0.512915 0.858439 0
    outer loop
      vertex -1.18467 2.20149 -3.5
      vertex -1.37724 2.08643 3.5
      vertex -1.18467 2.20149 3.5
    endloop
  endfacet
  facet normal -0.512915 0.858439 0
    outer loop
      vertex -1.37724 2.08643 3.5
      vertex -1.18467 2.20149 -3.5
      vertex -1.37724 2.08643 -3.5
    endloop
  endfacet
  facet normal -0.587777 0.809023 0
    outer loop
      vertex -1.37724 2.08643 -3.5
      vertex -1.55872 1.95458 3.5
      vertex -1.37724 2.08643 3.5
    endloop
  endfacet
  facet normal -0.587777 0.809023 0
    outer loop
      vertex -1.55872 1.95458 3.5
      vertex -1.37724 2.08643 -3.5
      vertex -1.55872 1.95458 -3.5
    endloop
  endfacet
  facet normal -0.433883 0.900969 0
    outer loop
      vertex -0.982562 2.29882 -3.5
      vertex -1.18467 2.20149 3.5
      vertex -0.982562 2.29882 3.5
    endloop
  endfacet
  facet normal -0.433883 0.900969 0
    outer loop
      vertex -1.18467 2.20149 3.5
      vertex -0.982562 2.29882 -3.5
      vertex -1.18467 2.20149 -3.5
    endloop
  endfacet
  facet normal -0.657917 0.75309 0
    outer loop
      vertex -1.55872 1.95458 -3.5
      vertex -1.72766 1.80699 3.5
      vertex -1.55872 1.95458 3.5
    endloop
  endfacet
  facet normal -0.657917 0.75309 0
    outer loop
      vertex -1.72766 1.80699 3.5
      vertex -1.55872 1.95458 -3.5
      vertex -1.72766 1.80699 -3.5
    endloop
  endfacet
  facet normal 0.998992 0.0448904 0
    outer loop
      vertex 2.5 0 3.5
      vertex 2.48993 0.224098 -3.5
      vertex 2.48993 0.224098 3.5
    endloop
  endfacet
  facet normal 0.998992 0.0448904 0
    outer loop
      vertex 2.48993 0.224098 -3.5
      vertex 2.5 0 3.5
      vertex 2.5 0 -3.5
    endloop
  endfacet
  facet normal 0.951057 -0.309017 0
    outer loop
      vertex 2.34059 -0.878437 3.5
      vertex 2.40991 -0.665092 -3.5
      vertex 2.40991 -0.665092 3.5
    endloop
  endfacet
  facet normal 0.951057 -0.309017 0
    outer loop
      vertex 2.40991 -0.665092 -3.5
      vertex 2.34059 -0.878437 3.5
      vertex 2.34059 -0.878437 -3.5
    endloop
  endfacet
  facet normal 0.351368 -0.936238 0
    outer loop
      vertex 0.772542 -2.37764 -3.5
      vertex 0.982562 -2.29882 3.5
      vertex 0.772542 -2.37764 3.5
    endloop
  endfacet
  facet normal 0.351368 -0.936238 0
    outer loop
      vertex 0.982562 -2.29882 3.5
      vertex 0.772542 -2.37764 -3.5
      vertex 0.982562 -2.29882 -3.5
    endloop
  endfacet
  facet normal 0.880597 0.473866 0
    outer loop
      vertex 2.25242 1.08471 3.5
      vertex 2.14612 1.28225 -3.5
      vertex 2.14612 1.28225 3.5
    endloop
  endfacet
  facet normal 0.880597 0.473866 0
    outer loop
      vertex 2.14612 1.28225 -3.5
      vertex 2.25242 1.08471 3.5
      vertex 2.25242 1.08471 -3.5
    endloop
  endfacet
  facet normal 0.91952 0.393043 0
    outer loop
      vertex 2.34059 0.878437 3.5
      vertex 2.25242 1.08471 -3.5
      vertex 2.25242 1.08471 3.5
    endloop
  endfacet
  facet normal 0.91952 0.393043 0
    outer loop
      vertex 2.25242 1.08471 -3.5
      vertex 2.34059 0.878437 3.5
      vertex 2.34059 0.878437 -3.5
    endloop
  endfacet
  facet normal 0.951057 0.309017 0
    outer loop
      vertex 2.40991 0.665092 3.5
      vertex 2.34059 0.878437 -3.5
      vertex 2.34059 0.878437 3.5
    endloop
  endfacet
  facet normal 0.951057 0.309017 0
    outer loop
      vertex 2.34059 0.878437 -3.5
      vertex 2.40991 0.665092 3.5
      vertex 2.40991 0.665092 -3.5
    endloop
  endfacet
  facet normal 0.722799 0.691059 0
    outer loop
      vertex 1.88268 1.64485 3.5
      vertex 1.72766 1.80699 -3.5
      vertex 1.72766 1.80699 3.5
    endloop
  endfacet
  facet normal 0.722799 0.691059 0
    outer loop
      vertex 1.72766 1.80699 -3.5
      vertex 1.88268 1.64485 3.5
      vertex 1.88268 1.64485 -3.5
    endloop
  endfacet
  facet normal -0.781851 0.623466 0
    outer loop
      vertex -2.02254 1.46946 -3.5
      vertex -1.88268 1.64485 3.5
      vertex -1.88268 1.64485 -3.5
    endloop
  endfacet
  facet normal -0.781851 0.623466 0
    outer loop
      vertex -1.88268 1.64485 3.5
      vertex -2.02254 1.46946 -3.5
      vertex -2.02254 1.46946 3.5
    endloop
  endfacet
  facet normal -0.089647 -0.995974 0
    outer loop
      vertex -0.335583 -2.47737 -3.5
      vertex -0.112162 -2.49748 3.5
      vertex -0.335583 -2.47737 3.5
    endloop
  endfacet
  facet normal -0.089647 -0.995974 -0
    outer loop
      vertex -0.112162 -2.49748 3.5
      vertex -0.335583 -2.47737 -3.5
      vertex -0.112162 -2.49748 -3.5
    endloop
  endfacet
  facet normal -0.998992 -0.0448904 0
    outer loop
      vertex -2.48993 -0.224098 -3.5
      vertex -2.5 0 3.5
      vertex -2.5 0 -3.5
    endloop
  endfacet
  facet normal -0.998992 -0.0448904 0
    outer loop
      vertex -2.5 0 3.5
      vertex -2.48993 -0.224098 -3.5
      vertex -2.48993 -0.224098 3.5
    endloop
  endfacet
  facet normal -0.974935 -0.222492 0
    outer loop
      vertex -2.40991 -0.665092 -3.5
      vertex -2.45982 -0.446392 3.5
      vertex -2.45982 -0.446392 -3.5
    endloop
  endfacet
  facet normal -0.974935 -0.222492 0
    outer loop
      vertex -2.45982 -0.446392 3.5
      vertex -2.40991 -0.665092 -3.5
      vertex -2.40991 -0.665092 3.5
    endloop
  endfacet
  facet normal 0.974935 -0.222492 0
    outer loop
      vertex 2.40991 -0.665092 3.5
      vertex 2.45982 -0.446392 -3.5
      vertex 2.45982 -0.446392 3.5
    endloop
  endfacet
  facet normal 0.974935 -0.222492 0
    outer loop
      vertex 2.45982 -0.446392 -3.5
      vertex 2.40991 -0.665092 3.5
      vertex 2.40991 -0.665092 -3.5
    endloop
  endfacet
  facet normal 0.880597 -0.473866 0
    outer loop
      vertex 2.14612 -1.28225 3.5
      vertex 2.25242 -1.08471 -3.5
      vertex 2.25242 -1.08471 3.5
    endloop
  endfacet
  facet normal 0.880597 -0.473866 0
    outer loop
      vertex 2.25242 -1.08471 -3.5
      vertex 2.14612 -1.28225 3.5
      vertex 2.14612 -1.28225 -3.5
    endloop
  endfacet
  facet normal 0.91952 -0.393043 0
    outer loop
      vertex 2.25242 -1.08471 3.5
      vertex 2.34059 -0.878437 -3.5
      vertex 2.34059 -0.878437 3.5
    endloop
  endfacet
  facet normal 0.91952 -0.393043 0
    outer loop
      vertex 2.34059 -0.878437 -3.5
      vertex 2.25242 -1.08471 3.5
      vertex 2.25242 -1.08471 -3.5
    endloop
  endfacet
  facet normal 0.089647 -0.995974 0
    outer loop
      vertex 0.112162 -2.49748 -3.5
      vertex 0.335583 -2.47737 3.5
      vertex 0.112162 -2.49748 3.5
    endloop
  endfacet
  facet normal 0.089647 -0.995974 0
    outer loop
      vertex 0.335583 -2.47737 3.5
      vertex 0.112162 -2.49748 -3.5
      vertex 0.335583 -2.47737 -3.5
    endloop
  endfacet
  facet normal 0.266043 -0.963961 0
    outer loop
      vertex 0.556302 -2.43732 -3.5
      vertex 0.772542 -2.37764 3.5
      vertex 0.556302 -2.43732 3.5
    endloop
  endfacet
  facet normal 0.266043 -0.963961 0
    outer loop
      vertex 0.772542 -2.37764 3.5
      vertex 0.556302 -2.43732 -3.5
      vertex 0.772542 -2.37764 -3.5
    endloop
  endfacet
  facet normal 0.974935 0.222492 0
    outer loop
      vertex 2.45982 0.446392 3.5
      vertex 2.40991 0.665092 -3.5
      vertex 2.40991 0.665092 3.5
    endloop
  endfacet
  facet normal 0.974935 0.222492 0
    outer loop
      vertex 2.40991 0.665092 -3.5
      vertex 2.45982 0.446392 3.5
      vertex 2.45982 0.446392 -3.5
    endloop
  endfacet
  facet normal -0.657917 -0.75309 0
    outer loop
      vertex -1.72766 -1.80699 -3.5
      vertex -1.55872 -1.95458 3.5
      vertex -1.72766 -1.80699 3.5
    endloop
  endfacet
  facet normal -0.657917 -0.75309 -0
    outer loop
      vertex -1.55872 -1.95458 3.5
      vertex -1.72766 -1.80699 -3.5
      vertex -1.55872 -1.95458 -3.5
    endloop
  endfacet
  facet normal 0 -1 0
    outer loop
      vertex -0.112162 -2.49748 -3.5
      vertex 0.112162 -2.49748 3.5
      vertex -0.112162 -2.49748 3.5
    endloop
  endfacet
  facet normal 0 -1 -0
    outer loop
      vertex 0.112162 -2.49748 3.5
      vertex -0.112162 -2.49748 -3.5
      vertex 0.112162 -2.49748 -3.5
    endloop
  endfacet
  facet normal 0 0 -1
    outer loop
      vertex 2.48993 -0.224098 -3.5
      vertex 2.48993 0.224098 -3.5
      vertex 2.5 0 -3.5
    endloop
  endfacet
  facet normal 0 0 -1
    outer loop
      vertex 2.45982 -0.446392 -3.5
      vertex 2.48993 0.224098 -3.5
      vertex 2.48993 -0.224098 -3.5
    endloop
  endfacet
  facet normal 0 0 -1
    outer loop
      vertex 2.45982 -0.446392 -3.5
      vertex 2.45982 0.446392 -3.5
      vertex 2.48993 0.224098 -3.5
    endloop
  endfacet
  facet normal 0 0 -1
    outer loop
      vertex 2.40991 -0.665092 -3.5
      vertex 2.45982 0.446392 -3.5
      vertex 2.45982 -0.446392 -3.5
    endloop
  endfacet
  facet normal 0 0 -1
    outer loop
      vertex 2.40991 -0.665092 -3.5
      vertex 2.40991 0.665092 -3.5
      vertex 2.45982 0.446392 -3.5
    endloop
  endfacet
  facet normal 0 0 -1
    outer loop
      vertex 2.34059 -0.878437 -3.5
      vertex 2.40991 0.665092 -3.5
      vertex 2.40991 -0.665092 -3.5
    endloop
  endfacet
  facet normal 0 0 -1
    outer loop
      vertex 2.34059 -0.878437 -3.5
      vertex 2.34059 0.878437 -3.5
      vertex 2.40991 0.665092 -3.5
    endloop
  endfacet
  facet normal 0 0 -1
    outer loop
      vertex 2.25242 -1.08471 -3.5
      vertex 2.34059 0.878437 -3.5
      vertex 2.34059 -0.878437 -3.5
    endloop
  endfacet
  facet normal 0 0 -1
    outer loop
      vertex 2.25242 -1.08471 -3.5
      vertex 2.25242 1.08471 -3.5
      vertex 2.34059 0.878437 -3.5
    endloop
  endfacet
  facet normal 0 0 -1
    outer loop
      vertex 2.14612 -1.28225 -3.5
      vertex 2.25242 1.08471 -3.5
      vertex 2.25242 -1.08471 -3.5
    endloop
  endfacet
  facet normal 0 0 -1
    outer loop
      vertex 2.14612 -1.28225 -3.5
      vertex 2.14612 1.28225 -3.5
      vertex 2.25242 1.08471 -3.5
    endloop
  endfacet
  facet normal 0 0 -1
    outer loop
      vertex 2.02254 -1.46946 -3.5
      vertex 2.14612 1.28225 -3.5
      vertex 2.14612 -1.28225 -3.5
    endloop
  endfacet
  facet normal 0 0 -1
    outer loop
      vertex 2.02254 -1.46946 -3.5
      vertex 2.02254 1.46946 -3.5
      vertex 2.14612 1.28225 -3.5
    endloop
  endfacet
  facet normal 0 0 -1
    outer loop
      vertex 1.88268 -1.64485 -3.5
      vertex 2.02254 1.46946 -3.5
      vertex 2.02254 -1.46946 -3.5
    endloop
  endfacet
  facet normal 0 0 -1
    outer loop
      vertex 1.88268 -1.64485 -3.5
      vertex 1.88268 1.64485 -3.5
      vertex 2.02254 1.46946 -3.5
    endloop
  endfacet
  facet normal 0 0 -1
    outer loop
      vertex 1.72766 -1.80699 -3.5
      vertex 1.88268 1.64485 -3.5
      vertex 1.88268 -1.64485 -3.5
    endloop
  endfacet
  facet normal 0 0 -1
    outer loop
      vertex 1.72766 -1.80699 -3.5
      vertex 1.72766 1.80699 -3.5
      vertex 1.88268 1.64485 -3.5
    endloop
  endfacet
  facet normal 0 0 -1
    outer loop
      vertex 1.55872 -1.95458 -3.5
      vertex 1.72766 1.80699 -3.5
      vertex 1.72766 -1.80699 -3.5
    endloop
  endfacet
  facet normal 0 0 -1
    outer loop
      vertex 1.55872 -1.95458 -3.5
      vertex 1.55872 1.95458 -3.5
      vertex 1.72766 1.80699 -3.5
    endloop
  endfacet
  facet normal 0 0 -1
    outer loop
      vertex 1.37724 -2.08643 -3.5
      vertex 1.55872 1.95458 -3.5
      vertex 1.55872 -1.95458 -3.5
    endloop
  endfacet
  facet normal 0 0 -1
    outer loop
      vertex 1.37724 -2.08643 -3.5
      vertex 1.37724 2.08643 -3.5
      vertex 1.55872 1.95458 -3.5
    endloop
  endfacet
  facet normal 0 0 -1
    outer loop
      vertex 1.18467 -2.20149 -3.5
      vertex 1.37724 2.08643 -3.5
      vertex 1.37724 -2.08643 -3.5
    endloop
  endfacet
  facet normal 0 0 -1
    outer loop
      vertex 1.18467 -2.20149 -3.5
      vertex 1.18467 2.20149 -3.5
      vertex 1.37724 2.08643 -3.5
    endloop
  endfacet
  facet normal 0 0 -1
    outer loop
      vertex 0.982562 -2.29882 -3.5
      vertex 1.18467 2.20149 -3.5
      vertex 1.18467 -2.20149 -3.5
    endloop
  endfacet
  facet normal 0 0 -1
    outer loop
      vertex 0.982562 -2.29882 -3.5
      vertex 0.982562 2.29882 -3.5
      vertex 1.18467 2.20149 -3.5
    endloop
  endfacet
  facet normal 0 0 -1
    outer loop
      vertex 0.772542 -2.37764 -3.5
      vertex 0.982562 2.29882 -3.5
      vertex 0.982562 -2.29882 -3.5
    endloop
  endfacet
  facet normal 0 0 -1
    outer loop
      vertex 0.772542 -2.37764 -3.5
      vertex 0.772542 2.37764 -3.5
      vertex 0.982562 2.29882 -3.5
    endloop
  endfacet
  facet normal 0 0 -1
    outer loop
      vertex 0.556302 -2.43732 -3.5
      vertex 0.772542 2.37764 -3.5
      vertex 0.772542 -2.37764 -3.5
    endloop
  endfacet
  facet normal 0 0 -1
    outer loop
      vertex 0.556302 -2.43732 -3.5
      vertex 0.556302 2.43732 -3.5
      vertex 0.772542 2.37764 -3.5
    endloop
  endfacet
  facet normal 0 0 -1
    outer loop
      vertex 0.335583 -2.47737 -3.5
      vertex 0.556302 2.43732 -3.5
      vertex 0.556302 -2.43732 -3.5
    endloop
  endfacet
  facet normal 0 0 -1
    outer loop
      vertex 0.335583 -2.47737 -3.5
      vertex 0.335583 2.47737 -3.5
      vertex 0.556302 2.43732 -3.5
    endloop
  endfacet
  facet normal 0 0 -1
    outer loop
      vertex 0.112162 -2.49748 -3.5
      vertex 0.335583 2.47737 -3.5
      vertex 0.335583 -2.47737 -3.5
    endloop
  endfacet
  facet normal 0 0 -1
    outer loop
      vertex 0.112162 -2.49748 -3.5
      vertex 0.112162 2.49748 -3.5
      vertex 0.335583 2.47737 -3.5
    endloop
  endfacet
  facet normal 0 0 -1
    outer loop
      vertex -0.112162 -2.49748 -3.5
      vertex 0.112162 2.49748 -3.5
      vertex 0.112162 -2.49748 -3.5
    endloop
  endfacet
  facet normal 0 0 -1
    outer loop
      vertex -0.112162 -2.49748 -3.5
      vertex -0.112162 2.49748 -3.5
      vertex 0.112162 2.49748 -3.5
    endloop
  endfacet
  facet normal 0 0 -1
    outer loop
      vertex -0.335583 -2.47737 -3.5
      vertex -0.112162 2.49748 -3.5
      vertex -0.112162 -2.49748 -3.5
    endloop
  endfacet
  facet normal 0 0 -1
    outer loop
      vertex -0.335583 -2.47737 -3.5
      vertex -0.335583 2.47737 -3.5
      vertex -0.112162 2.49748 -3.5
    endloop
  endfacet
  facet normal 0 0 -1
    outer loop
      vertex -0.556302 -2.43732 -3.5
      vertex -0.335583 2.47737 -3.5
      vertex -0.335583 -2.47737 -3.5
    endloop
  endfacet
  facet normal 0 0 -1
    outer loop
      vertex -0.556302 -2.43732 -3.5
      vertex -0.556302 2.43732 -3.5
      vertex -0.335583 2.47737 -3.5
    endloop
  endfacet
  facet normal 0 0 -1
    outer loop
      vertex -0.772542 -2.37764 -3.5
      vertex -0.556302 2.43732 -3.5
      vertex -0.556302 -2.43732 -3.5
    endloop
  endfacet
  facet normal 0 0 -1
    outer loop
      vertex -0.772542 -2.37764 -3.5
      vertex -0.772542 2.37764 -3.5
      vertex -0.556302 2.43732 -3.5
    endloop
  endfacet
  facet normal 0 0 -1
    outer loop
      vertex -0.982562 -2.29882 -3.5
      vertex -0.772542 2.37764 -3.5
      vertex -0.772542 -2.37764 -3.5
    endloop
  endfacet
  facet normal 0 0 -1
    outer loop
      vertex -0.982562 -2.29882 -3.5
      vertex -0.982562 2.29882 -3.5
      vertex -0.772542 2.37764 -3.5
    endloop
  endfacet
  facet normal 0 0 -1
    outer loop
      vertex -1.18467 -2.20149 -3.5
      vertex -0.982562 2.29882 -3.5
      vertex -0.982562 -2.29882 -3.5
    endloop
  endfacet
  facet normal 0 0 -1
    outer loop
      vertex -1.18467 -2.20149 -3.5
      vertex -1.18467 2.20149 -3.5
      vertex -0.982562 2.29882 -3.5
    endloop
  endfacet
  facet normal 0 0 -1
    outer loop
      vertex -1.37724 -2.08643 -3.5
      vertex -1.18467 2.20149 -3.5
      vertex -1.18467 -2.20149 -3.5
    endloop
  endfacet
  facet normal 0 0 -1
    outer loop
      vertex -1.37724 -2.08643 -3.5
      vertex -1.37724 2.08643 -3.5
      vertex -1.18467 2.20149 -3.5
    endloop
  endfacet
  facet normal 0 0 -1
    outer loop
      vertex -1.55872 -1.95458 -3.5
      vertex -1.37724 2.08643 -3.5
      vertex -1.37724 -2.08643 -3.5
    endloop
  endfacet
  facet normal 0 0 -1
    outer loop
      vertex -1.55872 -1.95458 -3.5
      vertex -1.55872 1.95458 -3.5
      vertex -1.37724 2.08643 -3.5
    endloop
  endfacet
  facet normal 0 0 -1
    outer loop
      vertex -1.72766 -1.80699 -3.5
      vertex -1.55872 1.95458 -3.5
      vertex -1.55872 -1.95458 -3.5
    endloop
  endfacet
  facet normal 0 0 -1
    outer loop
      vertex -1.72766 -1.80699 -3.5
      vertex -1.72766 1.80699 -3.5
      vertex -1.55872 1.95458 -3.5
    endloop
  endfacet
  facet normal 0 0 -1
    outer loop
      vertex -1.88268 -1.64485 -3.5
      vertex -1.72766 1.80699 -3.5
      vertex -1.72766 -1.80699 -3.5
    endloop
  endfacet
  facet normal 0 0 -1
    outer loop
      vertex -1.88268 -1.64485 -3.5
      vertex -1.88268 1.64485 -3.5
      vertex -1.72766 1.80699 -3.5
    endloop
  endfacet
  facet normal 0 0 -1
    outer loop
      vertex -2.02254 -1.46946 -3.5
      vertex -1.88268 1.64485 -3.5
      vertex -1.88268 -1.64485 -3.5
    endloop
  endfacet
  facet normal 0 0 -1
    outer loop
      vertex -2.02254 -1.46946 -3.5
      vertex -2.02254 1.46946 -3.5
      vertex -1.88268 1.64485 -3.5
    endloop
  endfacet
  facet normal 0 0 -1
    outer loop
      vertex -2.14612 -1.28225 -3.5
      vertex -2.02254 1.46946 -3.5
      vertex -2.02254 -1.46946 -3.5
    endloop
  endfacet
  facet normal 0 0 -1
    outer loop
      vertex -2.14612 -1.28225 -3.5
      vertex -2.14612 1.28225 -3.5
      vertex -2.02254 1.46946 -3.5
    endloop
  endfacet
  facet normal 0 0 -1
    outer loop
      vertex -2.25242 -1.08471 -3.5
      vertex -2.14612 1.28225 -3.5
      vertex -2.14612 -1.28225 -3.5
    endloop
  endfacet
  facet normal 0 0 -1
    outer loop
      vertex -2.25242 -1.08471 -3.5
      vertex -2.25242 1.08471 -3.5
      vertex -2.14612 1.28225 -3.5
    endloop
  endfacet
  facet normal 0 0 -1
    outer loop
      vertex -2.34059 -0.878437 -3.5
      vertex -2.25242 1.08471 -3.5
      vertex -2.25242 -1.08471 -3.5
    endloop
  endfacet
  facet normal 0 0 -1
    outer loop
      vertex -2.34059 -0.878437 -3.5
      vertex -2.34059 0.878437 -3.5
      vertex -2.25242 1.08471 -3.5
    endloop
  endfacet
  facet normal 0 0 -1
    outer loop
      vertex -2.40991 -0.665092 -3.5
      vertex -2.34059 0.878437 -3.5
      vertex -2.34059 -0.878437 -3.5
    endloop
  endfacet
  facet normal 0 0 -1
    outer loop
      vertex -2.40991 -0.665092 -3.5
      vertex -2.40991 0.665092 -3.5
      vertex -2.34059 0.878437 -3.5
    endloop
  endfacet
  facet normal 0 0 -1
    outer loop
      vertex -2.45982 -0.446392 -3.5
      vertex -2.40991 0.665092 -3.5
      vertex -2.40991 -0.665092 -3.5
    endloop
  endfacet
  facet normal 0 0 -1
    outer loop
      vertex -2.45982 -0.446392 -3.5
      vertex -2.45982 0.446392 -3.5
      vertex -2.40991 0.665092 -3.5
    endloop
  endfacet
  facet normal 0 0 -1
    outer loop
      vertex -2.48993 -0.224098 -3.5
      vertex -2.45982 0.446392 -3.5
      vertex -2.45982 -0.446392 -3.5
    endloop
  endfacet
  facet normal 0 0 -1
    outer loop
      vertex -2.48993 -0.224098 -3.5
      vertex -2.48993 0.224098 -3.5
      vertex -2.45982 0.446392 -3.5
    endloop
  endfacet
  facet normal 0 -0 -1
    outer loop
      vertex -2.48993 0.224098 -3.5
      vertex -2.48993 -0.224098 -3.5
      vertex -2.5 0 -3.5
    endloop
  endfacet
  facet normal -0.990951 -0.134226 0
    outer loop
      vertex -2.45982 -0.446392 -3.5
      vertex -2.48993 -0.224098 3.5
      vertex -2.48993 -0.224098 -3.5
    endloop
  endfacet
  facet normal -0.990951 -0.134226 0
    outer loop
      vertex -2.48993 -0.224098 3.5
      vertex -2.45982 -0.446392 -3.5
      vertex -2.45982 -0.446392 3.5
    endloop
  endfacet
  facet normal -0.951057 -0.309017 0
    outer loop
      vertex -2.34059 -0.878437 -3.5
      vertex -2.40991 -0.665092 3.5
      vertex -2.40991 -0.665092 -3.5
    endloop
  endfacet
  facet normal -0.951057 -0.309017 0
    outer loop
      vertex -2.40991 -0.665092 3.5
      vertex -2.34059 -0.878437 -3.5
      vertex -2.34059 -0.878437 3.5
    endloop
  endfacet
  facet normal -0.880597 -0.473866 0
    outer loop
      vertex -2.14612 -1.28225 -3.5
      vertex -2.25242 -1.08471 3.5
      vertex -2.25242 -1.08471 -3.5
    endloop
  endfacet
  facet normal -0.880597 -0.473866 0
    outer loop
      vertex -2.25242 -1.08471 3.5
      vertex -2.14612 -1.28225 -3.5
      vertex -2.14612 -1.28225 3.5
    endloop
  endfacet
  facet normal -0.834566 -0.550909 0
    outer loop
      vertex -2.02254 -1.46946 -3.5
      vertex -2.14612 -1.28225 3.5
      vertex -2.14612 -1.28225 -3.5
    endloop
  endfacet
  facet normal -0.834566 -0.550909 0
    outer loop
      vertex -2.14612 -1.28225 3.5
      vertex -2.02254 -1.46946 -3.5
      vertex -2.02254 -1.46946 3.5
    endloop
  endfacet
  facet normal 0.998992 -0.0448904 0
    outer loop
      vertex 2.48993 -0.224098 3.5
      vertex 2.5 0 -3.5
      vertex 2.5 0 3.5
    endloop
  endfacet
  facet normal 0.998992 -0.0448904 0
    outer loop
      vertex 2.5 0 -3.5
      vertex 2.48993 -0.224098 3.5
      vertex 2.48993 -0.224098 -3.5
    endloop
  endfacet
  facet normal 0.512915 -0.858439 0
    outer loop
      vertex 1.18467 -2.20149 -3.5
      vertex 1.37724 -2.08643 3.5
      vertex 1.18467 -2.20149 3.5
    endloop
  endfacet
  facet normal 0.512915 -0.858439 0
    outer loop
      vertex 1.37724 -2.08643 3.5
      vertex 1.18467 -2.20149 -3.5
      vertex 1.37724 -2.08643 -3.5
    endloop
  endfacet
  facet normal 0.781851 -0.623466 0
    outer loop
      vertex 1.88268 -1.64485 3.5
      vertex 2.02254 -1.46946 -3.5
      vertex 2.02254 -1.46946 3.5
    endloop
  endfacet
  facet normal 0.781851 -0.623466 0
    outer loop
      vertex 2.02254 -1.46946 -3.5
      vertex 1.88268 -1.64485 3.5
      vertex 1.88268 -1.64485 -3.5
    endloop
  endfacet
  facet normal 0.834566 -0.550909 0
    outer loop
      vertex 2.02254 -1.46946 3.5
      vertex 2.14612 -1.28225 -3.5
      vertex 2.14612 -1.28225 3.5
    endloop
  endfacet
  facet normal 0.834566 -0.550909 0
    outer loop
      vertex 2.14612 -1.28225 -3.5
      vertex 2.02254 -1.46946 3.5
      vertex 2.02254 -1.46946 -3.5
    endloop
  endfacet
  facet normal 0.178537 -0.983933 0
    outer loop
      vertex 0.335583 -2.47737 -3.5
      vertex 0.556302 -2.43732 3.5
      vertex 0.335583 -2.47737 3.5
    endloop
  endfacet
  facet normal 0.178537 -0.983933 0
    outer loop
      vertex 0.556302 -2.43732 3.5
      vertex 0.335583 -2.47737 -3.5
      vertex 0.556302 -2.43732 -3.5
    endloop
  endfacet
  facet normal 0.433883 -0.900969 0
    outer loop
      vertex 0.982562 -2.29882 -3.5
      vertex 1.18467 -2.20149 3.5
      vertex 0.982562 -2.29882 3.5
    endloop
  endfacet
  facet normal 0.433883 -0.900969 0
    outer loop
      vertex 1.18467 -2.20149 3.5
      vertex 0.982562 -2.29882 -3.5
      vertex 1.18467 -2.20149 -3.5
    endloop
  endfacet
  facet normal -0.587777 -0.809023 0
    outer loop
      vertex -1.55872 -1.95458 -3.5
      vertex -1.37724 -2.08643 3.5
      vertex -1.55872 -1.95458 3.5
    endloop
  endfacet
  facet normal -0.587777 -0.809023 -0
    outer loop
      vertex -1.37724 -2.08643 3.5
      vertex -1.55872 -1.95458 -3.5
      vertex -1.37724 -2.08643 -3.5
    endloop
  endfacet
  facet normal -0.512915 -0.858439 0
    outer loop
      vertex -1.37724 -2.08643 -3.5
      vertex -1.18467 -2.20149 3.5
      vertex -1.37724 -2.08643 3.5
    endloop
  endfacet
  facet normal -0.512915 -0.858439 -0
    outer loop
      vertex -1.18467 -2.20149 3.5
      vertex -1.37724 -2.08643 -3.5
      vertex -1.18467 -2.20149 -3.5
    endloop
  endfacet
  facet normal -0.351368 -0.936238 0
    outer loop
      vertex -0.982562 -2.29882 -3.5
      vertex -0.772542 -2.37764 3.5
      vertex -0.982562 -2.29882 3.5
    endloop
  endfacet
  facet normal -0.351368 -0.936238 -0
    outer loop
      vertex -0.772542 -2.37764 3.5
      vertex -0.982562 -2.29882 -3.5
      vertex -0.772542 -2.37764 -3.5
    endloop
  endfacet
  facet normal -0.178537 -0.983933 0
    outer loop
      vertex -0.556302 -2.43732 -3.5
      vertex -0.335583 -2.47737 3.5
      vertex -0.556302 -2.43732 3.5
    endloop
  endfacet
  facet normal -0.178537 -0.983933 -0
    outer loop
      vertex -0.335583 -2.47737 3.5
      vertex -0.556302 -2.43732 -3.5
      vertex -0.335583 -2.47737 -3.5
    endloop
  endfacet
  facet normal -0.722799 -0.691059 0
    outer loop
      vertex -1.72766 -1.80699 -3.5
      vertex -1.88268 -1.64485 3.5
      vertex -1.88268 -1.64485 -3.5
    endloop
  endfacet
  facet normal -0.722799 -0.691059 0
    outer loop
      vertex -1.88268 -1.64485 3.5
      vertex -1.72766 -1.80699 -3.5
      vertex -1.72766 -1.80699 3.5
    endloop
  endfacet
  facet normal -0.781851 -0.623466 0
    outer loop
      vertex -1.88268 -1.64485 -3.5
      vertex -2.02254 -1.46946 3.5
      vertex -2.02254 -1.46946 -3.5
    endloop
  endfacet
  facet normal -0.781851 -0.623466 0
    outer loop
      vertex -2.02254 -1.46946 3.5
      vertex -1.88268 -1.64485 -3.5
      vertex -1.88268 -1.64485 3.5
    endloop
  endfacet
  facet normal 0.587777 -0.809023 0
    outer loop
      vertex 1.37724 -2.08643 -3.5
      vertex 1.55872 -1.95458 3.5
      vertex 1.37724 -2.08643 3.5
    endloop
  endfacet
  facet normal 0.587777 -0.809023 0
    outer loop
      vertex 1.55872 -1.95458 3.5
      vertex 1.37724 -2.08643 -3.5
      vertex 1.55872 -1.95458 -3.5
    endloop
  endfacet
  facet normal 0.722799 -0.691059 0
    outer loop
      vertex 1.72766 -1.80699 3.5
      vertex 1.88268 -1.64485 -3.5
      vertex 1.88268 -1.64485 3.5
    endloop
  endfacet
  facet normal 0.722799 -0.691059 0
    outer loop
      vertex 1.88268 -1.64485 -3.5
      vertex 1.72766 -1.80699 3.5
      vertex 1.72766 -1.80699 -3.5
    endloop
  endfacet
  facet normal 0.657917 -0.75309 0
    outer loop
      vertex 1.55872 -1.95458 -3.5
      vertex 1.72766 -1.80699 3.5
      vertex 1.55872 -1.95458 3.5
    endloop
  endfacet
  facet normal 0.657917 -0.75309 0
    outer loop
      vertex 1.72766 -1.80699 3.5
      vertex 1.55872 -1.95458 -3.5
      vertex 1.72766 -1.80699 -3.5
    endloop
  endfacet
  facet normal -0.266043 -0.963961 0
    outer loop
      vertex -0.772542 -2.37764 -3.5
      vertex -0.556302 -2.43732 3.5
      vertex -0.772542 -2.37764 3.5
    endloop
  endfacet
  facet normal -0.266043 -0.963961 -0
    outer loop
      vertex -0.556302 -2.43732 3.5
      vertex -0.772542 -2.37764 -3.5
      vertex -0.556302 -2.43732 -3.5
    endloop
  endfacet
  facet normal 0.834566 0.550909 0
    outer loop
      vertex 2.14612 7.28225 3.5
      vertex 2.02254 7.46946 -3.5
      vertex 2.02254 7.46946 3.5
    endloop
  endfacet
  facet normal 0.834566 0.550909 0
    outer loop
      vertex 2.02254 7.46946 -3.5
      vertex 2.14612 7.28225 3.5
      vertex 2.14612 7.28225 -3.5
    endloop
  endfacet
  facet normal 0.266043 0.963961 -0
    outer loop
      vertex 0.772542 8.37764 -3.5
      vertex 0.556302 8.43732 3.5
      vertex 0.772542 8.37764 3.5
    endloop
  endfacet
  facet normal 0.266043 0.963961 0
    outer loop
      vertex 0.556302 8.43732 3.5
      vertex 0.772542 8.37764 -3.5
      vertex 0.556302 8.43732 -3.5
    endloop
  endfacet
  facet normal -0.433883 0.900969 0
    outer loop
      vertex -0.982562 8.29882 -3.5
      vertex -1.18467 8.20149 3.5
      vertex -0.982562 8.29882 3.5
    endloop
  endfacet
  facet normal -0.433883 0.900969 0
    outer loop
      vertex -1.18467 8.20149 3.5
      vertex -0.982562 8.29882 -3.5
      vertex -1.18467 8.20149 -3.5
    endloop
  endfacet
  facet normal -0.951059 0.30901 0
    outer loop
      vertex -2.40991 6.66509 -3.5
      vertex -2.34059 6.87844 3.5
      vertex -2.34059 6.87844 -3.5
    endloop
  endfacet
  facet normal -0.951059 0.30901 0
    outer loop
      vertex -2.34059 6.87844 3.5
      vertex -2.40991 6.66509 -3.5
      vertex -2.40991 6.66509 3.5
    endloop
  endfacet
  facet normal 0.998992 -0.04489 0
    outer loop
      vertex 2.48993 5.7759 3.5
      vertex 2.5 6 -3.5
      vertex 2.5 6 3.5
    endloop
  endfacet
  facet normal 0.998992 -0.04489 0
    outer loop
      vertex 2.5 6 -3.5
      vertex 2.48993 5.7759 3.5
      vertex 2.48993 5.7759 -3.5
    endloop
  endfacet
  facet normal 0 1 -0
    outer loop
      vertex 0.112162 8.49748 -3.5
      vertex -0.112162 8.49748 3.5
      vertex 0.112162 8.49748 3.5
    endloop
  endfacet
  facet normal 0 1 0
    outer loop
      vertex -0.112162 8.49748 3.5
      vertex 0.112162 8.49748 -3.5
      vertex -0.112162 8.49748 -3.5
    endloop
  endfacet
  facet normal 0.512915 0.858439 -0
    outer loop
      vertex 1.37724 8.08643 -3.5
      vertex 1.18467 8.20149 3.5
      vertex 1.37724 8.08643 3.5
    endloop
  endfacet
  facet normal 0.512915 0.858439 0
    outer loop
      vertex 1.18467 8.20149 3.5
      vertex 1.37724 8.08643 -3.5
      vertex 1.18467 8.20149 -3.5
    endloop
  endfacet
  facet normal 0 0 -1
    outer loop
      vertex 2.48993 5.7759 -3.5
      vertex 2.48993 6.2241 -3.5
      vertex 2.5 6 -3.5
    endloop
  endfacet
  facet normal 0 0 -1
    outer loop
      vertex 2.45982 5.55361 -3.5
      vertex 2.48993 6.2241 -3.5
      vertex 2.48993 5.7759 -3.5
    endloop
  endfacet
  facet normal 0 0 -1
    outer loop
      vertex 2.45982 5.55361 -3.5
      vertex 2.45982 6.44639 -3.5
      vertex 2.48993 6.2241 -3.5
    endloop
  endfacet
  facet normal 0 0 -1
    outer loop
      vertex 2.40991 5.33491 -3.5
      vertex 2.45982 6.44639 -3.5
      vertex 2.45982 5.55361 -3.5
    endloop
  endfacet
  facet normal 0 0 -1
    outer loop
      vertex 2.40991 5.33491 -3.5
      vertex 2.40991 6.66509 -3.5
      vertex 2.45982 6.44639 -3.5
    endloop
  endfacet
  facet normal 0 0 -1
    outer loop
      vertex 2.34059 5.12156 -3.5
      vertex 2.40991 6.66509 -3.5
      vertex 2.40991 5.33491 -3.5
    endloop
  endfacet
  facet normal 0 0 -1
    outer loop
      vertex 2.34059 5.12156 -3.5
      vertex 2.34059 6.87844 -3.5
      vertex 2.40991 6.66509 -3.5
    endloop
  endfacet
  facet normal 0 0 -1
    outer loop
      vertex 2.25242 4.91529 -3.5
      vertex 2.34059 6.87844 -3.5
      vertex 2.34059 5.12156 -3.5
    endloop
  endfacet
  facet normal 0 0 -1
    outer loop
      vertex 2.25242 4.91529 -3.5
      vertex 2.25242 7.08471 -3.5
      vertex 2.34059 6.87844 -3.5
    endloop
  endfacet
  facet normal 0 0 -1
    outer loop
      vertex 2.14612 4.71775 -3.5
      vertex 2.25242 7.08471 -3.5
      vertex 2.25242 4.91529 -3.5
    endloop
  endfacet
  facet normal 0 0 -1
    outer loop
      vertex 2.14612 4.71775 -3.5
      vertex 2.14612 7.28225 -3.5
      vertex 2.25242 7.08471 -3.5
    endloop
  endfacet
  facet normal 0 0 -1
    outer loop
      vertex 2.02254 4.53054 -3.5
      vertex 2.14612 7.28225 -3.5
      vertex 2.14612 4.71775 -3.5
    endloop
  endfacet
  facet normal 0 0 -1
    outer loop
      vertex 2.02254 4.53054 -3.5
      vertex 2.02254 7.46946 -3.5
      vertex 2.14612 7.28225 -3.5
    endloop
  endfacet
  facet normal 0 0 -1
    outer loop
      vertex 1.88268 4.35515 -3.5
      vertex 2.02254 7.46946 -3.5
      vertex 2.02254 4.53054 -3.5
    endloop
  endfacet
  facet normal 0 0 -1
    outer loop
      vertex 1.88268 4.35515 -3.5
      vertex 1.88268 7.64485 -3.5
      vertex 2.02254 7.46946 -3.5
    endloop
  endfacet
  facet normal 0 0 -1
    outer loop
      vertex 1.72766 4.19301 -3.5
      vertex 1.88268 7.64485 -3.5
      vertex 1.88268 4.35515 -3.5
    endloop
  endfacet
  facet normal 0 0 -1
    outer loop
      vertex 1.72766 4.19301 -3.5
      vertex 1.72766 7.80699 -3.5
      vertex 1.88268 7.64485 -3.5
    endloop
  endfacet
  facet normal 0 0 -1
    outer loop
      vertex 1.55872 4.04542 -3.5
      vertex 1.72766 7.80699 -3.5
      vertex 1.72766 4.19301 -3.5
    endloop
  endfacet
  facet normal 0 0 -1
    outer loop
      vertex 1.55872 4.04542 -3.5
      vertex 1.55872 7.95458 -3.5
      vertex 1.72766 7.80699 -3.5
    endloop
  endfacet
  facet normal 0 0 -1
    outer loop
      vertex 1.37724 3.91357 -3.5
      vertex 1.55872 7.95458 -3.5
      vertex 1.55872 4.04542 -3.5
    endloop
  endfacet
  facet normal 0 0 -1
    outer loop
      vertex 1.37724 3.91357 -3.5
      vertex 1.37724 8.08643 -3.5
      vertex 1.55872 7.95458 -3.5
    endloop
  endfacet
  facet normal 0 0 -1
    outer loop
      vertex 1.18467 3.79851 -3.5
      vertex 1.37724 8.08643 -3.5
      vertex 1.37724 3.91357 -3.5
    endloop
  endfacet
  facet normal 0 0 -1
    outer loop
      vertex 1.18467 3.79851 -3.5
      vertex 1.18467 8.20149 -3.5
      vertex 1.37724 8.08643 -3.5
    endloop
  endfacet
  facet normal 0 0 -1
    outer loop
      vertex 0.982562 3.70118 -3.5
      vertex 1.18467 8.20149 -3.5
      vertex 1.18467 3.79851 -3.5
    endloop
  endfacet
  facet normal 0 0 -1
    outer loop
      vertex 0.982562 3.70118 -3.5
      vertex 0.982562 8.29882 -3.5
      vertex 1.18467 8.20149 -3.5
    endloop
  endfacet
  facet normal 0 0 -1
    outer loop
      vertex 0.772542 3.62236 -3.5
      vertex 0.982562 8.29882 -3.5
      vertex 0.982562 3.70118 -3.5
    endloop
  endfacet
  facet normal 0 0 -1
    outer loop
      vertex 0.772542 3.62236 -3.5
      vertex 0.772542 8.37764 -3.5
      vertex 0.982562 8.29882 -3.5
    endloop
  endfacet
  facet normal 0 0 -1
    outer loop
      vertex 0.556302 3.56268 -3.5
      vertex 0.772542 8.37764 -3.5
      vertex 0.772542 3.62236 -3.5
    endloop
  endfacet
  facet normal 0 0 -1
    outer loop
      vertex 0.556302 3.56268 -3.5
      vertex 0.556302 8.43732 -3.5
      vertex 0.772542 8.37764 -3.5
    endloop
  endfacet
  facet normal 0 0 -1
    outer loop
      vertex 0.335583 3.52262 -3.5
      vertex 0.556302 8.43732 -3.5
      vertex 0.556302 3.56268 -3.5
    endloop
  endfacet
  facet normal 0 0 -1
    outer loop
      vertex 0.335583 3.52262 -3.5
      vertex 0.335583 8.47737 -3.5
      vertex 0.556302 8.43732 -3.5
    endloop
  endfacet
  facet normal 0 0 -1
    outer loop
      vertex 0.112162 3.50252 -3.5
      vertex 0.335583 8.47737 -3.5
      vertex 0.335583 3.52262 -3.5
    endloop
  endfacet
  facet normal 0 0 -1
    outer loop
      vertex 0.112162 3.50252 -3.5
      vertex 0.112162 8.49748 -3.5
      vertex 0.335583 8.47737 -3.5
    endloop
  endfacet
  facet normal 0 0 -1
    outer loop
      vertex -0.112162 3.50252 -3.5
      vertex 0.112162 8.49748 -3.5
      vertex 0.112162 3.50252 -3.5
    endloop
  endfacet
  facet normal 0 0 -1
    outer loop
      vertex -0.112162 3.50252 -3.5
      vertex -0.112162 8.49748 -3.5
      vertex 0.112162 8.49748 -3.5
    endloop
  endfacet
  facet normal 0 0 -1
    outer loop
      vertex -0.335583 3.52262 -3.5
      vertex -0.112162 8.49748 -3.5
      vertex -0.112162 3.50252 -3.5
    endloop
  endfacet
  facet normal 0 0 -1
    outer loop
      vertex -0.335583 3.52262 -3.5
      vertex -0.335583 8.47737 -3.5
      vertex -0.112162 8.49748 -3.5
    endloop
  endfacet
  facet normal 0 0 -1
    outer loop
      vertex -0.556302 3.56268 -3.5
      vertex -0.335583 8.47737 -3.5
      vertex -0.335583 3.52262 -3.5
    endloop
  endfacet
  facet normal 0 0 -1
    outer loop
      vertex -0.556302 3.56268 -3.5
      vertex -0.556302 8.43732 -3.5
      vertex -0.335583 8.47737 -3.5
    endloop
  endfacet
  facet normal 0 0 -1
    outer loop
      vertex -0.772542 3.62236 -3.5
      vertex -0.556302 8.43732 -3.5
      vertex -0.556302 3.56268 -3.5
    endloop
  endfacet
  facet normal 0 0 -1
    outer loop
      vertex -0.772542 3.62236 -3.5
      vertex -0.772542 8.37764 -3.5
      vertex -0.556302 8.43732 -3.5
    endloop
  endfacet
  facet normal 0 0 -1
    outer loop
      vertex -0.982562 3.70118 -3.5
      vertex -0.772542 8.37764 -3.5
      vertex -0.772542 3.62236 -3.5
    endloop
  endfacet
  facet normal 0 0 -1
    outer loop
      vertex -0.982562 3.70118 -3.5
      vertex -0.982562 8.29882 -3.5
      vertex -0.772542 8.37764 -3.5
    endloop
  endfacet
  facet normal 0 0 -1
    outer loop
      vertex -1.18467 3.79851 -3.5
      vertex -0.982562 8.29882 -3.5
      vertex -0.982562 3.70118 -3.5
    endloop
  endfacet
  facet normal 0 0 -1
    outer loop
      vertex -1.18467 3.79851 -3.5
      vertex -1.18467 8.20149 -3.5
      vertex -0.982562 8.29882 -3.5
    endloop
  endfacet
  facet normal 0 0 -1
    outer loop
      vertex -1.37724 3.91357 -3.5
      vertex -1.18467 8.20149 -3.5
      vertex -1.18467 3.79851 -3.5
    endloop
  endfacet
  facet normal 0 0 -1
    outer loop
      vertex -1.37724 3.91357 -3.5
      vertex -1.37724 8.08643 -3.5
      vertex -1.18467 8.20149 -3.5
    endloop
  endfacet
  facet normal 0 0 -1
    outer loop
      vertex -1.55872 4.04542 -3.5
      vertex -1.37724 8.08643 -3.5
      vertex -1.37724 3.91357 -3.5
    endloop
  endfacet
  facet normal 0 0 -1
    outer loop
      vertex -1.55872 4.04542 -3.5
      vertex -1.55872 7.95458 -3.5
      vertex -1.37724 8.08643 -3.5
    endloop
  endfacet
  facet normal 0 0 -1
    outer loop
      vertex -1.72766 4.19301 -3.5
      vertex -1.55872 7.95458 -3.5
      vertex -1.55872 4.04542 -3.5
    endloop
  endfacet
  facet normal 0 0 -1
    outer loop
      vertex -1.72766 4.19301 -3.5
      vertex -1.72766 7.80699 -3.5
      vertex -1.55872 7.95458 -3.5
    endloop
  endfacet
  facet normal 0 0 -1
    outer loop
      vertex -1.88268 4.35515 -3.5
      vertex -1.72766 7.80699 -3.5
      vertex -1.72766 4.19301 -3.5
    endloop
  endfacet
  facet normal 0 0 -1
    outer loop
      vertex -1.88268 4.35515 -3.5
      vertex -1.88268 7.64485 -3.5
      vertex -1.72766 7.80699 -3.5
    endloop
  endfacet
  facet normal 0 0 -1
    outer loop
      vertex -2.02254 4.53054 -3.5
      vertex -1.88268 7.64485 -3.5
      vertex -1.88268 4.35515 -3.5
    endloop
  endfacet
  facet normal 0 0 -1
    outer loop
      vertex -2.02254 4.53054 -3.5
      vertex -2.02254 7.46946 -3.5
      vertex -1.88268 7.64485 -3.5
    endloop
  endfacet
  facet normal 0 0 -1
    outer loop
      vertex -2.14612 4.71775 -3.5
      vertex -2.02254 7.46946 -3.5
      vertex -2.02254 4.53054 -3.5
    endloop
  endfacet
  facet normal 0 0 -1
    outer loop
      vertex -2.14612 4.71775 -3.5
      vertex -2.14612 7.28225 -3.5
      vertex -2.02254 7.46946 -3.5
    endloop
  endfacet
  facet normal 0 0 -1
    outer loop
      vertex -2.25242 4.91529 -3.5
      vertex -2.14612 7.28225 -3.5
      vertex -2.14612 4.71775 -3.5
    endloop
  endfacet
  facet normal 0 0 -1
    outer loop
      vertex -2.25242 4.91529 -3.5
      vertex -2.25242 7.08471 -3.5
      vertex -2.14612 7.28225 -3.5
    endloop
  endfacet
  facet normal 0 0 -1
    outer loop
      vertex -2.34059 5.12156 -3.5
      vertex -2.25242 7.08471 -3.5
      vertex -2.25242 4.91529 -3.5
    endloop
  endfacet
  facet normal 0 0 -1
    outer loop
      vertex -2.34059 5.12156 -3.5
      vertex -2.34059 6.87844 -3.5
      vertex -2.25242 7.08471 -3.5
    endloop
  endfacet
  facet normal 0 0 -1
    outer loop
      vertex -2.40991 5.33491 -3.5
      vertex -2.34059 6.87844 -3.5
      vertex -2.34059 5.12156 -3.5
    endloop
  endfacet
  facet normal 0 0 -1
    outer loop
      vertex -2.40991 5.33491 -3.5
      vertex -2.40991 6.66509 -3.5
      vertex -2.34059 6.87844 -3.5
    endloop
  endfacet
  facet normal 0 0 -1
    outer loop
      vertex -2.45982 5.55361 -3.5
      vertex -2.40991 6.66509 -3.5
      vertex -2.40991 5.33491 -3.5
    endloop
  endfacet
  facet normal 0 0 -1
    outer loop
      vertex -2.45982 5.55361 -3.5
      vertex -2.45982 6.44639 -3.5
      vertex -2.40991 6.66509 -3.5
    endloop
  endfacet
  facet normal 0 0 -1
    outer loop
      vertex -2.48993 5.7759 -3.5
      vertex -2.45982 6.44639 -3.5
      vertex -2.45982 5.55361 -3.5
    endloop
  endfacet
  facet normal 0 0 -1
    outer loop
      vertex -2.48993 5.7759 -3.5
      vertex -2.48993 6.2241 -3.5
      vertex -2.45982 6.44639 -3.5
    endloop
  endfacet
  facet normal 0 -0 -1
    outer loop
      vertex -2.48993 6.2241 -3.5
      vertex -2.48993 5.7759 -3.5
      vertex -2.5 6 -3.5
    endloop
  endfacet
  facet normal -0.998992 0.04489 0
    outer loop
      vertex -2.5 6 -3.5
      vertex -2.48993 6.2241 3.5
      vertex -2.48993 6.2241 -3.5
    endloop
  endfacet
  facet normal -0.998992 0.04489 0
    outer loop
      vertex -2.48993 6.2241 3.5
      vertex -2.5 6 -3.5
      vertex -2.5 6 3.5
    endloop
  endfacet
  facet normal -0.834566 0.550909 0
    outer loop
      vertex -2.14612 7.28225 -3.5
      vertex -2.02254 7.46946 3.5
      vertex -2.02254 7.46946 -3.5
    endloop
  endfacet
  facet normal -0.834566 0.550909 0
    outer loop
      vertex -2.02254 7.46946 3.5
      vertex -2.14612 7.28225 -3.5
      vertex -2.14612 7.28225 3.5
    endloop
  endfacet
  facet normal -0.266043 0.963961 0
    outer loop
      vertex -0.556302 8.43732 -3.5
      vertex -0.772542 8.37764 3.5
      vertex -0.556302 8.43732 3.5
    endloop
  endfacet
  facet normal -0.266043 0.963961 0
    outer loop
      vertex -0.772542 8.37764 3.5
      vertex -0.556302 8.43732 -3.5
      vertex -0.772542 8.37764 -3.5
    endloop
  endfacet
  facet normal -0.834566 -0.550909 0
    outer loop
      vertex -2.02254 4.53054 -3.5
      vertex -2.14612 4.71775 3.5
      vertex -2.14612 4.71775 -3.5
    endloop
  endfacet
  facet normal -0.834566 -0.550909 0
    outer loop
      vertex -2.14612 4.71775 3.5
      vertex -2.02254 4.53054 -3.5
      vertex -2.02254 4.53054 3.5
    endloop
  endfacet
  facet normal 0.99095 0.134228 0
    outer loop
      vertex 2.48993 6.2241 3.5
      vertex 2.45982 6.44639 -3.5
      vertex 2.45982 6.44639 3.5
    endloop
  endfacet
  facet normal 0.99095 0.134228 0
    outer loop
      vertex 2.45982 6.44639 -3.5
      vertex 2.48993 6.2241 3.5
      vertex 2.48993 6.2241 -3.5
    endloop
  endfacet
  facet normal 0.781851 0.623466 0
    outer loop
      vertex 2.02254 7.46946 3.5
      vertex 1.88268 7.64485 -3.5
      vertex 1.88268 7.64485 3.5
    endloop
  endfacet
  facet normal 0.781851 0.623466 0
    outer loop
      vertex 1.88268 7.64485 -3.5
      vertex 2.02254 7.46946 3.5
      vertex 2.02254 7.46946 -3.5
    endloop
  endfacet
  facet normal 0.657917 0.75309 -0
    outer loop
      vertex 1.72766 7.80699 -3.5
      vertex 1.55872 7.95458 3.5
      vertex 1.72766 7.80699 3.5
    endloop
  endfacet
  facet normal 0.657917 0.75309 0
    outer loop
      vertex 1.55872 7.95458 3.5
      vertex 1.72766 7.80699 -3.5
      vertex 1.55872 7.95458 -3.5
    endloop
  endfacet
  facet normal -0.089647 0.995974 0
    outer loop
      vertex -0.112162 8.49748 -3.5
      vertex -0.335583 8.47737 3.5
      vertex -0.112162 8.49748 3.5
    endloop
  endfacet
  facet normal -0.089647 0.995974 0
    outer loop
      vertex -0.335583 8.47737 3.5
      vertex -0.112162 8.49748 -3.5
      vertex -0.335583 8.47737 -3.5
    endloop
  endfacet
  facet normal 0.178537 0.983933 -0
    outer loop
      vertex 0.556302 8.43732 -3.5
      vertex 0.335583 8.47737 3.5
      vertex 0.556302 8.43732 3.5
    endloop
  endfacet
  facet normal 0.178537 0.983933 0
    outer loop
      vertex 0.335583 8.47737 3.5
      vertex 0.556302 8.43732 -3.5
      vertex 0.335583 8.47737 -3.5
    endloop
  endfacet
  facet normal 0.089647 0.995974 -0
    outer loop
      vertex 0.335583 8.47737 -3.5
      vertex 0.112162 8.49748 3.5
      vertex 0.335583 8.47737 3.5
    endloop
  endfacet
  facet normal 0.089647 0.995974 0
    outer loop
      vertex 0.112162 8.49748 3.5
      vertex 0.335583 8.47737 -3.5
      vertex 0.112162 8.49748 -3.5
    endloop
  endfacet
  facet normal 0.587777 0.809023 -0
    outer loop
      vertex 1.55872 7.95458 -3.5
      vertex 1.37724 8.08643 3.5
      vertex 1.55872 7.95458 3.5
    endloop
  endfacet
  facet normal 0.587777 0.809023 0
    outer loop
      vertex 1.37724 8.08643 3.5
      vertex 1.55872 7.95458 -3.5
      vertex 1.37724 8.08643 -3.5
    endloop
  endfacet
  facet normal 0 0 1
    outer loop
      vertex 2.48993 6.2241 3.5
      vertex 2.48993 5.7759 3.5
      vertex 2.5 6 3.5
    endloop
  endfacet
  facet normal 0 0 1
    outer loop
      vertex 2.45982 6.44639 3.5
      vertex 2.48993 5.7759 3.5
      vertex 2.48993 6.2241 3.5
    endloop
  endfacet
  facet normal 0 0 1
    outer loop
      vertex 2.45982 6.44639 3.5
      vertex 2.45982 5.55361 3.5
      vertex 2.48993 5.7759 3.5
    endloop
  endfacet
  facet normal 0 0 1
    outer loop
      vertex 2.40991 6.66509 3.5
      vertex 2.45982 5.55361 3.5
      vertex 2.45982 6.44639 3.5
    endloop
  endfacet
  facet normal 0 0 1
    outer loop
      vertex 2.40991 6.66509 3.5
      vertex 2.40991 5.33491 3.5
      vertex 2.45982 5.55361 3.5
    endloop
  endfacet
  facet normal 0 0 1
    outer loop
      vertex 2.34059 6.87844 3.5
      vertex 2.40991 5.33491 3.5
      vertex 2.40991 6.66509 3.5
    endloop
  endfacet
  facet normal 0 0 1
    outer loop
      vertex 2.34059 6.87844 3.5
      vertex 2.34059 5.12156 3.5
      vertex 2.40991 5.33491 3.5
    endloop
  endfacet
  facet normal 0 0 1
    outer loop
      vertex 2.25242 7.08471 3.5
      vertex 2.34059 5.12156 3.5
      vertex 2.34059 6.87844 3.5
    endloop
  endfacet
  facet normal 0 0 1
    outer loop
      vertex 2.25242 7.08471 3.5
      vertex 2.25242 4.91529 3.5
      vertex 2.34059 5.12156 3.5
    endloop
  endfacet
  facet normal 0 0 1
    outer loop
      vertex 2.14612 7.28225 3.5
      vertex 2.25242 4.91529 3.5
      vertex 2.25242 7.08471 3.5
    endloop
  endfacet
  facet normal 0 0 1
    outer loop
      vertex 2.14612 7.28225 3.5
      vertex 2.14612 4.71775 3.5
      vertex 2.25242 4.91529 3.5
    endloop
  endfacet
  facet normal 0 0 1
    outer loop
      vertex 2.02254 7.46946 3.5
      vertex 2.14612 4.71775 3.5
      vertex 2.14612 7.28225 3.5
    endloop
  endfacet
  facet normal 0 0 1
    outer loop
      vertex 2.02254 7.46946 3.5
      vertex 2.02254 4.53054 3.5
      vertex 2.14612 4.71775 3.5
    endloop
  endfacet
  facet normal 0 0 1
    outer loop
      vertex 1.88268 7.64485 3.5
      vertex 2.02254 4.53054 3.5
      vertex 2.02254 7.46946 3.5
    endloop
  endfacet
  facet normal 0 0 1
    outer loop
      vertex 1.88268 7.64485 3.5
      vertex 1.88268 4.35515 3.5
      vertex 2.02254 4.53054 3.5
    endloop
  endfacet
  facet normal 0 0 1
    outer loop
      vertex 1.72766 7.80699 3.5
      vertex 1.88268 4.35515 3.5
      vertex 1.88268 7.64485 3.5
    endloop
  endfacet
  facet normal 0 0 1
    outer loop
      vertex 1.72766 7.80699 3.5
      vertex 1.72766 4.19301 3.5
      vertex 1.88268 4.35515 3.5
    endloop
  endfacet
  facet normal 0 0 1
    outer loop
      vertex 1.55872 7.95458 3.5
      vertex 1.72766 4.19301 3.5
      vertex 1.72766 7.80699 3.5
    endloop
  endfacet
  facet normal 0 0 1
    outer loop
      vertex 1.55872 7.95458 3.5
      vertex 1.55872 4.04542 3.5
      vertex 1.72766 4.19301 3.5
    endloop
  endfacet
  facet normal 0 0 1
    outer loop
      vertex 1.37724 8.08643 3.5
      vertex 1.55872 4.04542 3.5
      vertex 1.55872 7.95458 3.5
    endloop
  endfacet
  facet normal 0 0 1
    outer loop
      vertex 1.37724 8.08643 3.5
      vertex 1.37724 3.91357 3.5
      vertex 1.55872 4.04542 3.5
    endloop
  endfacet
  facet normal 0 0 1
    outer loop
      vertex 1.18467 8.20149 3.5
      vertex 1.37724 3.91357 3.5
      vertex 1.37724 8.08643 3.5
    endloop
  endfacet
  facet normal 0 0 1
    outer loop
      vertex 1.18467 8.20149 3.5
      vertex 1.18467 3.79851 3.5
      vertex 1.37724 3.91357 3.5
    endloop
  endfacet
  facet normal 0 0 1
    outer loop
      vertex 0.982562 8.29882 3.5
      vertex 1.18467 3.79851 3.5
      vertex 1.18467 8.20149 3.5
    endloop
  endfacet
  facet normal 0 0 1
    outer loop
      vertex 0.982562 8.29882 3.5
      vertex 0.982562 3.70118 3.5
      vertex 1.18467 3.79851 3.5
    endloop
  endfacet
  facet normal 0 0 1
    outer loop
      vertex 0.772542 8.37764 3.5
      vertex 0.982562 3.70118 3.5
      vertex 0.982562 8.29882 3.5
    endloop
  endfacet
  facet normal 0 0 1
    outer loop
      vertex 0.772542 8.37764 3.5
      vertex 0.772542 3.62236 3.5
      vertex 0.982562 3.70118 3.5
    endloop
  endfacet
  facet normal 0 0 1
    outer loop
      vertex 0.556302 8.43732 3.5
      vertex 0.772542 3.62236 3.5
      vertex 0.772542 8.37764 3.5
    endloop
  endfacet
  facet normal 0 0 1
    outer loop
      vertex 0.556302 8.43732 3.5
      vertex 0.556302 3.56268 3.5
      vertex 0.772542 3.62236 3.5
    endloop
  endfacet
  facet normal 0 0 1
    outer loop
      vertex 0.335583 8.47737 3.5
      vertex 0.556302 3.56268 3.5
      vertex 0.556302 8.43732 3.5
    endloop
  endfacet
  facet normal 0 0 1
    outer loop
      vertex 0.335583 8.47737 3.5
      vertex 0.335583 3.52262 3.5
      vertex 0.556302 3.56268 3.5
    endloop
  endfacet
  facet normal 0 0 1
    outer loop
      vertex 0.112162 8.49748 3.5
      vertex 0.335583 3.52262 3.5
      vertex 0.335583 8.47737 3.5
    endloop
  endfacet
  facet normal 0 0 1
    outer loop
      vertex 0.112162 8.49748 3.5
      vertex 0.112162 3.50252 3.5
      vertex 0.335583 3.52262 3.5
    endloop
  endfacet
  facet normal -0 0 1
    outer loop
      vertex -0.112162 8.49748 3.5
      vertex 0.112162 3.50252 3.5
      vertex 0.112162 8.49748 3.5
    endloop
  endfacet
  facet normal 0 0 1
    outer loop
      vertex -0.112162 8.49748 3.5
      vertex -0.112162 3.50252 3.5
      vertex 0.112162 3.50252 3.5
    endloop
  endfacet
  facet normal -0 0 1
    outer loop
      vertex -0.335583 8.47737 3.5
      vertex -0.112162 3.50252 3.5
      vertex -0.112162 8.49748 3.5
    endloop
  endfacet
  facet normal 0 0 1
    outer loop
      vertex -0.335583 8.47737 3.5
      vertex -0.335583 3.52262 3.5
      vertex -0.112162 3.50252 3.5
    endloop
  endfacet
  facet normal -0 0 1
    outer loop
      vertex -0.556302 8.43732 3.5
      vertex -0.335583 3.52262 3.5
      vertex -0.335583 8.47737 3.5
    endloop
  endfacet
  facet normal 0 0 1
    outer loop
      vertex -0.556302 8.43732 3.5
      vertex -0.556302 3.56268 3.5
      vertex -0.335583 3.52262 3.5
    endloop
  endfacet
  facet normal -0 0 1
    outer loop
      vertex -0.772542 8.37764 3.5
      vertex -0.556302 3.56268 3.5
      vertex -0.556302 8.43732 3.5
    endloop
  endfacet
  facet normal 0 0 1
    outer loop
      vertex -0.772542 8.37764 3.5
      vertex -0.772542 3.62236 3.5
      vertex -0.556302 3.56268 3.5
    endloop
  endfacet
  facet normal -0 0 1
    outer loop
      vertex -0.982562 8.29882 3.5
      vertex -0.772542 3.62236 3.5
      vertex -0.772542 8.37764 3.5
    endloop
  endfacet
  facet normal 0 0 1
    outer loop
      vertex -0.982562 8.29882 3.5
      vertex -0.982562 3.70118 3.5
      vertex -0.772542 3.62236 3.5
    endloop
  endfacet
  facet normal -0 0 1
    outer loop
      vertex -1.18467 8.20149 3.5
      vertex -0.982562 3.70118 3.5
      vertex -0.982562 8.29882 3.5
    endloop
  endfacet
  facet normal 0 0 1
    outer loop
      vertex -1.18467 8.20149 3.5
      vertex -1.18467 3.79851 3.5
      vertex -0.982562 3.70118 3.5
    endloop
  endfacet
  facet normal -0 0 1
    outer loop
      vertex -1.37724 8.08643 3.5
      vertex -1.18467 3.79851 3.5
      vertex -1.18467 8.20149 3.5
    endloop
  endfacet
  facet normal 0 0 1
    outer loop
      vertex -1.37724 8.08643 3.5
      vertex -1.37724 3.91357 3.5
      vertex -1.18467 3.79851 3.5
    endloop
  endfacet
  facet normal -0 0 1
    outer loop
      vertex -1.55872 7.95458 3.5
      vertex -1.37724 3.91357 3.5
      vertex -1.37724 8.08643 3.5
    endloop
  endfacet
  facet normal 0 0 1
    outer loop
      vertex -1.55872 7.95458 3.5
      vertex -1.55872 4.04542 3.5
      vertex -1.37724 3.91357 3.5
    endloop
  endfacet
  facet normal -0 0 1
    outer loop
      vertex -1.72766 7.80699 3.5
      vertex -1.55872 4.04542 3.5
      vertex -1.55872 7.95458 3.5
    endloop
  endfacet
  facet normal 0 0 1
    outer loop
      vertex -1.72766 7.80699 3.5
      vertex -1.72766 4.19301 3.5
      vertex -1.55872 4.04542 3.5
    endloop
  endfacet
  facet normal -0 0 1
    outer loop
      vertex -1.88268 7.64485 3.5
      vertex -1.72766 4.19301 3.5
      vertex -1.72766 7.80699 3.5
    endloop
  endfacet
  facet normal 0 0 1
    outer loop
      vertex -1.88268 7.64485 3.5
      vertex -1.88268 4.35515 3.5
      vertex -1.72766 4.19301 3.5
    endloop
  endfacet
  facet normal -0 0 1
    outer loop
      vertex -2.02254 7.46946 3.5
      vertex -1.88268 4.35515 3.5
      vertex -1.88268 7.64485 3.5
    endloop
  endfacet
  facet normal 0 0 1
    outer loop
      vertex -2.02254 7.46946 3.5
      vertex -2.02254 4.53054 3.5
      vertex -1.88268 4.35515 3.5
    endloop
  endfacet
  facet normal -0 0 1
    outer loop
      vertex -2.14612 7.28225 3.5
      vertex -2.02254 4.53054 3.5
      vertex -2.02254 7.46946 3.5
    endloop
  endfacet
  facet normal 0 0 1
    outer loop
      vertex -2.14612 7.28225 3.5
      vertex -2.14612 4.71775 3.5
      vertex -2.02254 4.53054 3.5
    endloop
  endfacet
  facet normal -0 0 1
    outer loop
      vertex -2.25242 7.08471 3.5
      vertex -2.14612 4.71775 3.5
      vertex -2.14612 7.28225 3.5
    endloop
  endfacet
  facet normal 0 0 1
    outer loop
      vertex -2.25242 7.08471 3.5
      vertex -2.25242 4.91529 3.5
      vertex -2.14612 4.71775 3.5
    endloop
  endfacet
  facet normal -0 0 1
    outer loop
      vertex -2.34059 6.87844 3.5
      vertex -2.25242 4.91529 3.5
      vertex -2.25242 7.08471 3.5
    endloop
  endfacet
  facet normal 0 0 1
    outer loop
      vertex -2.34059 6.87844 3.5
      vertex -2.34059 5.12156 3.5
      vertex -2.25242 4.91529 3.5
    endloop
  endfacet
  facet normal -0 0 1
    outer loop
      vertex -2.40991 6.66509 3.5
      vertex -2.34059 5.12156 3.5
      vertex -2.34059 6.87844 3.5
    endloop
  endfacet
  facet normal 0 0 1
    outer loop
      vertex -2.40991 6.66509 3.5
      vertex -2.40991 5.33491 3.5
      vertex -2.34059 5.12156 3.5
    endloop
  endfacet
  facet normal -0 0 1
    outer loop
      vertex -2.45982 6.44639 3.5
      vertex -2.40991 5.33491 3.5
      vertex -2.40991 6.66509 3.5
    endloop
  endfacet
  facet normal 0 0 1
    outer loop
      vertex -2.45982 6.44639 3.5
      vertex -2.45982 5.55361 3.5
      vertex -2.40991 5.33491 3.5
    endloop
  endfacet
  facet normal -0 0 1
    outer loop
      vertex -2.48993 6.2241 3.5
      vertex -2.45982 5.55361 3.5
      vertex -2.45982 6.44639 3.5
    endloop
  endfacet
  facet normal 0 0 1
    outer loop
      vertex -2.48993 6.2241 3.5
      vertex -2.48993 5.7759 3.5
      vertex -2.45982 5.55361 3.5
    endloop
  endfacet
  facet normal 0 -0 1
    outer loop
      vertex -2.48993 5.7759 3.5
      vertex -2.48993 6.2241 3.5
      vertex -2.5 6 3.5
    endloop
  endfacet
  facet normal -0.974935 0.222492 0
    outer loop
      vertex -2.45982 6.44639 -3.5
      vertex -2.40991 6.66509 3.5
      vertex -2.40991 6.66509 -3.5
    endloop
  endfacet
  facet normal -0.974935 0.222492 0
    outer loop
      vertex -2.40991 6.66509 3.5
      vertex -2.45982 6.44639 -3.5
      vertex -2.45982 6.44639 3.5
    endloop
  endfacet
  facet normal -0.99095 0.134228 0
    outer loop
      vertex -2.48993 6.2241 -3.5
      vertex -2.45982 6.44639 3.5
      vertex -2.45982 6.44639 -3.5
    endloop
  endfacet
  facet normal -0.99095 0.134228 0
    outer loop
      vertex -2.45982 6.44639 3.5
      vertex -2.48993 6.2241 -3.5
      vertex -2.48993 6.2241 3.5
    endloop
  endfacet
  facet normal -0.919518 0.393048 0
    outer loop
      vertex -2.34059 6.87844 -3.5
      vertex -2.25242 7.08471 3.5
      vertex -2.25242 7.08471 -3.5
    endloop
  endfacet
  facet normal -0.919518 0.393048 0
    outer loop
      vertex -2.25242 7.08471 3.5
      vertex -2.34059 6.87844 -3.5
      vertex -2.34059 6.87844 3.5
    endloop
  endfacet
  facet normal -0.880597 0.473866 0
    outer loop
      vertex -2.25242 7.08471 -3.5
      vertex -2.14612 7.28225 3.5
      vertex -2.14612 7.28225 -3.5
    endloop
  endfacet
  facet normal -0.880597 0.473866 0
    outer loop
      vertex -2.14612 7.28225 3.5
      vertex -2.25242 7.08471 -3.5
      vertex -2.25242 7.08471 3.5
    endloop
  endfacet
  facet normal -0.351368 0.936238 0
    outer loop
      vertex -0.772542 8.37764 -3.5
      vertex -0.982562 8.29882 3.5
      vertex -0.772542 8.37764 3.5
    endloop
  endfacet
  facet normal -0.351368 0.936238 0
    outer loop
      vertex -0.982562 8.29882 3.5
      vertex -0.772542 8.37764 -3.5
      vertex -0.982562 8.29882 -3.5
    endloop
  endfacet
  facet normal -0.178537 0.983933 0
    outer loop
      vertex -0.335583 8.47737 -3.5
      vertex -0.556302 8.43732 3.5
      vertex -0.335583 8.47737 3.5
    endloop
  endfacet
  facet normal -0.178537 0.983933 0
    outer loop
      vertex -0.556302 8.43732 3.5
      vertex -0.335583 8.47737 -3.5
      vertex -0.556302 8.43732 -3.5
    endloop
  endfacet
  facet normal -0.587777 0.809023 0
    outer loop
      vertex -1.37724 8.08643 -3.5
      vertex -1.55872 7.95458 3.5
      vertex -1.37724 8.08643 3.5
    endloop
  endfacet
  facet normal -0.587777 0.809023 0
    outer loop
      vertex -1.55872 7.95458 3.5
      vertex -1.37724 8.08643 -3.5
      vertex -1.55872 7.95458 -3.5
    endloop
  endfacet
  facet normal -0.657917 0.75309 0
    outer loop
      vertex -1.55872 7.95458 -3.5
      vertex -1.72766 7.80699 3.5
      vertex -1.55872 7.95458 3.5
    endloop
  endfacet
  facet normal -0.657917 0.75309 0
    outer loop
      vertex -1.72766 7.80699 3.5
      vertex -1.55872 7.95458 -3.5
      vertex -1.72766 7.80699 -3.5
    endloop
  endfacet
  facet normal -0.512915 0.858439 0
    outer loop
      vertex -1.18467 8.20149 -3.5
      vertex -1.37724 8.08643 3.5
      vertex -1.18467 8.20149 3.5
    endloop
  endfacet
  facet normal -0.512915 0.858439 0
    outer loop
      vertex -1.37724 8.08643 3.5
      vertex -1.18467 8.20149 -3.5
      vertex -1.37724 8.08643 -3.5
    endloop
  endfacet
  facet normal 0.998992 0.04489 0
    outer loop
      vertex 2.5 6 3.5
      vertex 2.48993 6.2241 -3.5
      vertex 2.48993 6.2241 3.5
    endloop
  endfacet
  facet normal 0.998992 0.04489 0
    outer loop
      vertex 2.48993 6.2241 -3.5
      vertex 2.5 6 3.5
      vertex 2.5 6 -3.5
    endloop
  endfacet
  facet normal 0.99095 -0.134228 0
    outer loop
      vertex 2.45982 5.55361 3.5
      vertex 2.48993 5.7759 -3.5
      vertex 2.48993 5.7759 3.5
    endloop
  endfacet
  facet normal 0.99095 -0.134228 0
    outer loop
      vertex 2.48993 5.7759 -3.5
      vertex 2.45982 5.55361 3.5
      vertex 2.45982 5.55361 -3.5
    endloop
  endfacet
  facet normal 0.834566 -0.550909 0
    outer loop
      vertex 2.02254 4.53054 3.5
      vertex 2.14612 4.71775 -3.5
      vertex 2.14612 4.71775 3.5
    endloop
  endfacet
  facet normal 0.834566 -0.550909 0
    outer loop
      vertex 2.14612 4.71775 -3.5
      vertex 2.02254 4.53054 3.5
      vertex 2.02254 4.53054 -3.5
    endloop
  endfacet
  facet normal 0.17858 -0.983925 0
    outer loop
      vertex 0.335583 3.52262 -3.5
      vertex 0.556302 3.56268 3.5
      vertex 0.335583 3.52262 3.5
    endloop
  endfacet
  facet normal 0.17858 -0.983925 0
    outer loop
      vertex 0.556302 3.56268 3.5
      vertex 0.335583 3.52262 -3.5
      vertex 0.556302 3.56268 -3.5
    endloop
  endfacet
  facet normal 0.351368 -0.936238 0
    outer loop
      vertex 0.772542 3.62236 -3.5
      vertex 0.982562 3.70118 3.5
      vertex 0.772542 3.62236 3.5
    endloop
  endfacet
  facet normal 0.351368 -0.936238 0
    outer loop
      vertex 0.982562 3.70118 3.5
      vertex 0.772542 3.62236 -3.5
      vertex 0.982562 3.70118 -3.5
    endloop
  endfacet
  facet normal 0.880597 0.473866 0
    outer loop
      vertex 2.25242 7.08471 3.5
      vertex 2.14612 7.28225 -3.5
      vertex 2.14612 7.28225 3.5
    endloop
  endfacet
  facet normal 0.880597 0.473866 0
    outer loop
      vertex 2.14612 7.28225 -3.5
      vertex 2.25242 7.08471 3.5
      vertex 2.25242 7.08471 -3.5
    endloop
  endfacet
  facet normal 0.919518 0.393048 0
    outer loop
      vertex 2.34059 6.87844 3.5
      vertex 2.25242 7.08471 -3.5
      vertex 2.25242 7.08471 3.5
    endloop
  endfacet
  facet normal 0.919518 0.393048 0
    outer loop
      vertex 2.25242 7.08471 -3.5
      vertex 2.34059 6.87844 3.5
      vertex 2.34059 6.87844 -3.5
    endloop
  endfacet
  facet normal 0.951059 0.30901 0
    outer loop
      vertex 2.40991 6.66509 3.5
      vertex 2.34059 6.87844 -3.5
      vertex 2.34059 6.87844 3.5
    endloop
  endfacet
  facet normal 0.951059 0.30901 0
    outer loop
      vertex 2.34059 6.87844 -3.5
      vertex 2.40991 6.66509 3.5
      vertex 2.40991 6.66509 -3.5
    endloop
  endfacet
  facet normal 0.722799 0.691059 0
    outer loop
      vertex 1.88268 7.64485 3.5
      vertex 1.72766 7.80699 -3.5
      vertex 1.72766 7.80699 3.5
    endloop
  endfacet
  facet normal 0.722799 0.691059 0
    outer loop
      vertex 1.72766 7.80699 -3.5
      vertex 1.88268 7.64485 3.5
      vertex 1.88268 7.64485 -3.5
    endloop
  endfacet
  facet normal 0.433883 0.900969 -0
    outer loop
      vertex 1.18467 8.20149 -3.5
      vertex 0.982562 8.29882 3.5
      vertex 1.18467 8.20149 3.5
    endloop
  endfacet
  facet normal 0.433883 0.900969 0
    outer loop
      vertex 0.982562 8.29882 3.5
      vertex 1.18467 8.20149 -3.5
      vertex 0.982562 8.29882 -3.5
    endloop
  endfacet
  facet normal 0.351368 0.936238 -0
    outer loop
      vertex 0.982562 8.29882 -3.5
      vertex 0.772542 8.37764 3.5
      vertex 0.982562 8.29882 3.5
    endloop
  endfacet
  facet normal 0.351368 0.936238 0
    outer loop
      vertex 0.772542 8.37764 3.5
      vertex 0.982562 8.29882 -3.5
      vertex 0.772542 8.37764 -3.5
    endloop
  endfacet
  facet normal -0.998992 -0.04489 0
    outer loop
      vertex -2.48993 5.7759 -3.5
      vertex -2.5 6 3.5
      vertex -2.5 6 -3.5
    endloop
  endfacet
  facet normal -0.998992 -0.04489 0
    outer loop
      vertex -2.5 6 3.5
      vertex -2.48993 5.7759 -3.5
      vertex -2.48993 5.7759 3.5
    endloop
  endfacet
  facet normal -0.722799 0.691059 0
    outer loop
      vertex -1.88268 7.64485 -3.5
      vertex -1.72766 7.80699 3.5
      vertex -1.72766 7.80699 -3.5
    endloop
  endfacet
  facet normal -0.722799 0.691059 0
    outer loop
      vertex -1.72766 7.80699 3.5
      vertex -1.88268 7.64485 -3.5
      vertex -1.88268 7.64485 3.5
    endloop
  endfacet
  facet normal -0.781851 0.623466 0
    outer loop
      vertex -2.02254 7.46946 -3.5
      vertex -1.88268 7.64485 3.5
      vertex -1.88268 7.64485 -3.5
    endloop
  endfacet
  facet normal -0.781851 0.623466 0
    outer loop
      vertex -1.88268 7.64485 3.5
      vertex -2.02254 7.46946 -3.5
      vertex -2.02254 7.46946 3.5
    endloop
  endfacet
  facet normal 0.919518 -0.393048 0
    outer loop
      vertex 2.25242 4.91529 3.5
      vertex 2.34059 5.12156 -3.5
      vertex 2.34059 5.12156 3.5
    endloop
  endfacet
  facet normal 0.919518 -0.393048 0
    outer loop
      vertex 2.34059 5.12156 -3.5
      vertex 2.25242 4.91529 3.5
      vertex 2.25242 4.91529 -3.5
    endloop
  endfacet
  facet normal 0.974935 -0.222492 0
    outer loop
      vertex 2.40991 5.33491 3.5
      vertex 2.45982 5.55361 -3.5
      vertex 2.45982 5.55361 3.5
    endloop
  endfacet
  facet normal 0.974935 -0.222492 0
    outer loop
      vertex 2.45982 5.55361 -3.5
      vertex 2.40991 5.33491 3.5
      vertex 2.40991 5.33491 -3.5
    endloop
  endfacet
  facet normal 0.951059 -0.30901 0
    outer loop
      vertex 2.34059 5.12156 3.5
      vertex 2.40991 5.33491 -3.5
      vertex 2.40991 5.33491 3.5
    endloop
  endfacet
  facet normal 0.951059 -0.30901 0
    outer loop
      vertex 2.40991 5.33491 -3.5
      vertex 2.34059 5.12156 3.5
      vertex 2.34059 5.12156 -3.5
    endloop
  endfacet
  facet normal 0 -1 0
    outer loop
      vertex -0.112162 3.50252 -3.5
      vertex 0.112162 3.50252 3.5
      vertex -0.112162 3.50252 3.5
    endloop
  endfacet
  facet normal 0 -1 -0
    outer loop
      vertex 0.112162 3.50252 3.5
      vertex -0.112162 3.50252 -3.5
      vertex 0.112162 3.50252 -3.5
    endloop
  endfacet
  facet normal -0.99095 -0.134228 0
    outer loop
      vertex -2.45982 5.55361 -3.5
      vertex -2.48993 5.7759 3.5
      vertex -2.48993 5.7759 -3.5
    endloop
  endfacet
  facet normal -0.99095 -0.134228 0
    outer loop
      vertex -2.48993 5.7759 3.5
      vertex -2.45982 5.55361 -3.5
      vertex -2.45982 5.55361 3.5
    endloop
  endfacet
  facet normal -0.919518 -0.393048 0
    outer loop
      vertex -2.25242 4.91529 -3.5
      vertex -2.34059 5.12156 3.5
      vertex -2.34059 5.12156 -3.5
    endloop
  endfacet
  facet normal -0.919518 -0.393048 0
    outer loop
      vertex -2.34059 5.12156 3.5
      vertex -2.25242 4.91529 -3.5
      vertex -2.25242 4.91529 3.5
    endloop
  endfacet
  facet normal -0.974935 -0.222492 0
    outer loop
      vertex -2.40991 5.33491 -3.5
      vertex -2.45982 5.55361 3.5
      vertex -2.45982 5.55361 -3.5
    endloop
  endfacet
  facet normal -0.974935 -0.222492 0
    outer loop
      vertex -2.45982 5.55361 3.5
      vertex -2.40991 5.33491 -3.5
      vertex -2.40991 5.33491 3.5
    endloop
  endfacet
  facet normal -0.722799 -0.691059 0
    outer loop
      vertex -1.72766 4.19301 -3.5
      vertex -1.88268 4.35515 3.5
      vertex -1.88268 4.35515 -3.5
    endloop
  endfacet
  facet normal -0.722799 -0.691059 0
    outer loop
      vertex -1.88268 4.35515 3.5
      vertex -1.72766 4.19301 -3.5
      vertex -1.72766 4.19301 3.5
    endloop
  endfacet
  facet normal 0.266043 -0.963961 0
    outer loop
      vertex 0.556302 3.56268 -3.5
      vertex 0.772542 3.62236 3.5
      vertex 0.556302 3.56268 3.5
    endloop
  endfacet
  facet normal 0.266043 -0.963961 0
    outer loop
      vertex 0.772542 3.62236 3.5
      vertex 0.556302 3.56268 -3.5
      vertex 0.772542 3.62236 -3.5
    endloop
  endfacet
  facet normal 0.974935 0.222492 0
    outer loop
      vertex 2.45982 6.44639 3.5
      vertex 2.40991 6.66509 -3.5
      vertex 2.40991 6.66509 3.5
    endloop
  endfacet
  facet normal 0.974935 0.222492 0
    outer loop
      vertex 2.40991 6.66509 -3.5
      vertex 2.45982 6.44639 3.5
      vertex 2.45982 6.44639 -3.5
    endloop
  endfacet
  facet normal 0.512915 -0.858439 0
    outer loop
      vertex 1.18467 3.79851 -3.5
      vertex 1.37724 3.91357 3.5
      vertex 1.18467 3.79851 3.5
    endloop
  endfacet
  facet normal 0.512915 -0.858439 0
    outer loop
      vertex 1.37724 3.91357 3.5
      vertex 1.18467 3.79851 -3.5
      vertex 1.37724 3.91357 -3.5
    endloop
  endfacet
  facet normal 0.880597 -0.473866 0
    outer loop
      vertex 2.14612 4.71775 3.5
      vertex 2.25242 4.91529 -3.5
      vertex 2.25242 4.91529 3.5
    endloop
  endfacet
  facet normal 0.880597 -0.473866 0
    outer loop
      vertex 2.25242 4.91529 -3.5
      vertex 2.14612 4.71775 3.5
      vertex 2.14612 4.71775 -3.5
    endloop
  endfacet
  facet normal -0.587777 -0.809023 0
    outer loop
      vertex -1.55872 4.04542 -3.5
      vertex -1.37724 3.91357 3.5
      vertex -1.55872 4.04542 3.5
    endloop
  endfacet
  facet normal -0.587777 -0.809023 -0
    outer loop
      vertex -1.37724 3.91357 3.5
      vertex -1.55872 4.04542 -3.5
      vertex -1.37724 3.91357 -3.5
    endloop
  endfacet
  facet normal 0.0896028 -0.995978 0
    outer loop
      vertex 0.112162 3.50252 -3.5
      vertex 0.335583 3.52262 3.5
      vertex 0.112162 3.50252 3.5
    endloop
  endfacet
  facet normal 0.0896028 -0.995978 0
    outer loop
      vertex 0.335583 3.52262 3.5
      vertex 0.112162 3.50252 -3.5
      vertex 0.335583 3.52262 -3.5
    endloop
  endfacet
  facet normal -0.17858 -0.983925 0
    outer loop
      vertex -0.556302 3.56268 -3.5
      vertex -0.335583 3.52262 3.5
      vertex -0.556302 3.56268 3.5
    endloop
  endfacet
  facet normal -0.17858 -0.983925 -0
    outer loop
      vertex -0.335583 3.52262 3.5
      vertex -0.556302 3.56268 -3.5
      vertex -0.335583 3.52262 -3.5
    endloop
  endfacet
  facet normal -0.0896028 -0.995978 0
    outer loop
      vertex -0.335583 3.52262 -3.5
      vertex -0.112162 3.50252 3.5
      vertex -0.335583 3.52262 3.5
    endloop
  endfacet
  facet normal -0.0896028 -0.995978 -0
    outer loop
      vertex -0.112162 3.50252 3.5
      vertex -0.335583 3.52262 -3.5
      vertex -0.112162 3.50252 -3.5
    endloop
  endfacet
  facet normal -0.512915 -0.858439 0
    outer loop
      vertex -1.37724 3.91357 -3.5
      vertex -1.18467 3.79851 3.5
      vertex -1.37724 3.91357 3.5
    endloop
  endfacet
  facet normal -0.512915 -0.858439 -0
    outer loop
      vertex -1.18467 3.79851 3.5
      vertex -1.37724 3.91357 -3.5
      vertex -1.18467 3.79851 -3.5
    endloop
  endfacet
  facet normal -0.951059 -0.30901 0
    outer loop
      vertex -2.34059 5.12156 -3.5
      vertex -2.40991 5.33491 3.5
      vertex -2.40991 5.33491 -3.5
    endloop
  endfacet
  facet normal -0.951059 -0.30901 0
    outer loop
      vertex -2.40991 5.33491 3.5
      vertex -2.34059 5.12156 -3.5
      vertex -2.34059 5.12156 3.5
    endloop
  endfacet
  facet normal -0.880597 -0.473866 0
    outer loop
      vertex -2.14612 4.71775 -3.5
      vertex -2.25242 4.91529 3.5
      vertex -2.25242 4.91529 -3.5
    endloop
  endfacet
  facet normal -0.880597 -0.473866 0
    outer loop
      vertex -2.25242 4.91529 3.5
      vertex -2.14612 4.71775 -3.5
      vertex -2.14612 4.71775 3.5
    endloop
  endfacet
  facet normal -0.781851 -0.623466 0
    outer loop
      vertex -1.88268 4.35515 -3.5
      vertex -2.02254 4.53054 3.5
      vertex -2.02254 4.53054 -3.5
    endloop
  endfacet
  facet normal -0.781851 -0.623466 0
    outer loop
      vertex -2.02254 4.53054 3.5
      vertex -1.88268 4.35515 -3.5
      vertex -1.88268 4.35515 3.5
    endloop
  endfacet
  facet normal -0.657917 -0.75309 0
    outer loop
      vertex -1.72766 4.19301 -3.5
      vertex -1.55872 4.04542 3.5
      vertex -1.72766 4.19301 3.5
    endloop
  endfacet
  facet normal -0.657917 -0.75309 -0
    outer loop
      vertex -1.55872 4.04542 3.5
      vertex -1.72766 4.19301 -3.5
      vertex -1.55872 4.04542 -3.5
    endloop
  endfacet
  facet normal 0.433883 -0.900969 0
    outer loop
      vertex 0.982562 3.70118 -3.5
      vertex 1.18467 3.79851 3.5
      vertex 0.982562 3.70118 3.5
    endloop
  endfacet
  facet normal 0.433883 -0.900969 0
    outer loop
      vertex 1.18467 3.79851 3.5
      vertex 0.982562 3.70118 -3.5
      vertex 1.18467 3.79851 -3.5
    endloop
  endfacet
  facet normal 0.587777 -0.809023 0
    outer loop
      vertex 1.37724 3.91357 -3.5
      vertex 1.55872 4.04542 3.5
      vertex 1.37724 3.91357 3.5
    endloop
  endfacet
  facet normal 0.587777 -0.809023 0
    outer loop
      vertex 1.55872 4.04542 3.5
      vertex 1.37724 3.91357 -3.5
      vertex 1.55872 4.04542 -3.5
    endloop
  endfacet
  facet normal 0.722799 -0.691059 0
    outer loop
      vertex 1.72766 4.19301 3.5
      vertex 1.88268 4.35515 -3.5
      vertex 1.88268 4.35515 3.5
    endloop
  endfacet
  facet normal 0.722799 -0.691059 0
    outer loop
      vertex 1.88268 4.35515 -3.5
      vertex 1.72766 4.19301 3.5
      vertex 1.72766 4.19301 -3.5
    endloop
  endfacet
  facet normal 0.657917 -0.75309 0
    outer loop
      vertex 1.55872 4.04542 -3.5
      vertex 1.72766 4.19301 3.5
      vertex 1.55872 4.04542 3.5
    endloop
  endfacet
  facet normal 0.657917 -0.75309 0
    outer loop
      vertex 1.72766 4.19301 3.5
      vertex 1.55872 4.04542 -3.5
      vertex 1.72766 4.19301 -3.5
    endloop
  endfacet
  facet normal -0.433883 -0.900969 0
    outer loop
      vertex -1.18467 3.79851 -3.5
      vertex -0.982562 3.70118 3.5
      vertex -1.18467 3.79851 3.5
    endloop
  endfacet
  facet normal -0.433883 -0.900969 -0
    outer loop
      vertex -0.982562 3.70118 3.5
      vertex -1.18467 3.79851 -3.5
      vertex -0.982562 3.70118 -3.5
    endloop
  endfacet
  facet normal -0.266043 -0.963961 0
    outer loop
      vertex -0.772542 3.62236 -3.5
      vertex -0.556302 3.56268 3.5
      vertex -0.772542 3.62236 3.5
    endloop
  endfacet
  facet normal -0.266043 -0.963961 -0
    outer loop
      vertex -0.556302 3.56268 3.5
      vertex -0.772542 3.62236 -3.5
      vertex -0.556302 3.56268 -3.5
    endloop
  endfacet
  facet normal 0.781851 -0.623466 0
    outer loop
      vertex 1.88268 4.35515 3.5
      vertex 2.02254 4.53054 -3.5
      vertex 2.02254 4.53054 3.5
    endloop
  endfacet
  facet normal 0.781851 -0.623466 0
    outer loop
      vertex 2.02254 4.53054 -3.5
      vertex 1.88268 4.35515 3.5
      vertex 1.88268 4.35515 -3.5
    endloop
  endfacet
  facet normal -0.351368 -0.936238 0
    outer loop
      vertex -0.982562 3.70118 -3.5
      vertex -0.772542 3.62236 3.5
      vertex -0.982562 3.70118 3.5
    endloop
  endfacet
  facet normal -0.351368 -0.936238 -0
    outer loop
      vertex -0.772542 3.62236 3.5
      vertex -0.982562 3.70118 -3.5
      vertex -0.772542 3.62236 -3.5
    endloop
  endfacet
  facet normal 0.834566 0.550909 0
    outer loop
      vertex 8.14612 7.28225 3.5
      vertex 8.02254 7.46946 -3.5
      vertex 8.02254 7.46946 3.5
    endloop
  endfacet
  facet normal 0.834566 0.550909 0
    outer loop
      vertex 8.02254 7.46946 -3.5
      vertex 8.14612 7.28225 3.5
      vertex 8.14612 7.28225 -3.5
    endloop
  endfacet
  facet normal 0.266043 0.963961 -0
    outer loop
      vertex 6.77254 8.37764 -3.5
      vertex 6.5563 8.43732 3.5
      vertex 6.77254 8.37764 3.5
    endloop
  endfacet
  facet normal 0.266043 0.963961 0
    outer loop
      vertex 6.5563 8.43732 3.5
      vertex 6.77254 8.37764 -3.5
      vertex 6.5563 8.43732 -3.5
    endloop
  endfacet
  facet normal -0.43388 0.900971 0
    outer loop
      vertex 5.01744 8.29882 -3.5
      vertex 4.81533 8.20149 3.5
      vertex 5.01744 8.29882 3.5
    endloop
  endfacet
  facet normal -0.43388 0.900971 0
    outer loop
      vertex 4.81533 8.20149 3.5
      vertex 5.01744 8.29882 -3.5
      vertex 4.81533 8.20149 -3.5
    endloop
  endfacet
  facet normal -0.951059 0.30901 0
    outer loop
      vertex 3.59009 6.66509 -3.5
      vertex 3.65941 6.87844 3.5
      vertex 3.65941 6.87844 -3.5
    endloop
  endfacet
  facet normal -0.951059 0.30901 0
    outer loop
      vertex 3.65941 6.87844 3.5
      vertex 3.59009 6.66509 -3.5
      vertex 3.59009 6.66509 3.5
    endloop
  endfacet
  facet normal 0.998992 -0.04489 0
    outer loop
      vertex 8.48993 5.7759 3.5
      vertex 8.5 6 -3.5
      vertex 8.5 6 3.5
    endloop
  endfacet
  facet normal 0.998992 -0.04489 0
    outer loop
      vertex 8.5 6 -3.5
      vertex 8.48993 5.7759 3.5
      vertex 8.48993 5.7759 -3.5
    endloop
  endfacet
  facet normal 0 1 -0
    outer loop
      vertex 6.11216 8.49748 -3.5
      vertex 5.88784 8.49748 3.5
      vertex 6.11216 8.49748 3.5
    endloop
  endfacet
  facet normal 0 1 0
    outer loop
      vertex 5.88784 8.49748 3.5
      vertex 6.11216 8.49748 -3.5
      vertex 5.88784 8.49748 -3.5
    endloop
  endfacet
  facet normal 0.512915 0.858439 -0
    outer loop
      vertex 7.37724 8.08643 -3.5
      vertex 7.18467 8.20149 3.5
      vertex 7.37724 8.08643 3.5
    endloop
  endfacet
  facet normal 0.512915 0.858439 0
    outer loop
      vertex 7.18467 8.20149 3.5
      vertex 7.37724 8.08643 -3.5
      vertex 7.18467 8.20149 -3.5
    endloop
  endfacet
  facet normal 0 0 -1
    outer loop
      vertex 8.48993 5.7759 -3.5
      vertex 8.48993 6.2241 -3.5
      vertex 8.5 6 -3.5
    endloop
  endfacet
  facet normal 0 0 -1
    outer loop
      vertex 8.45982 5.55361 -3.5
      vertex 8.48993 6.2241 -3.5
      vertex 8.48993 5.7759 -3.5
    endloop
  endfacet
  facet normal 0 0 -1
    outer loop
      vertex 8.45982 5.55361 -3.5
      vertex 8.45982 6.44639 -3.5
      vertex 8.48993 6.2241 -3.5
    endloop
  endfacet
  facet normal 0 0 -1
    outer loop
      vertex 8.40991 5.33491 -3.5
      vertex 8.45982 6.44639 -3.5
      vertex 8.45982 5.55361 -3.5
    endloop
  endfacet
  facet normal 0 0 -1
    outer loop
      vertex 8.40991 5.33491 -3.5
      vertex 8.40991 6.66509 -3.5
      vertex 8.45982 6.44639 -3.5
    endloop
  endfacet
  facet normal 0 0 -1
    outer loop
      vertex 8.34059 5.12156 -3.5
      vertex 8.40991 6.66509 -3.5
      vertex 8.40991 5.33491 -3.5
    endloop
  endfacet
  facet normal 0 0 -1
    outer loop
      vertex 8.34059 5.12156 -3.5
      vertex 8.34059 6.87844 -3.5
      vertex 8.40991 6.66509 -3.5
    endloop
  endfacet
  facet normal 0 0 -1
    outer loop
      vertex 8.25242 4.91529 -3.5
      vertex 8.34059 6.87844 -3.5
      vertex 8.34059 5.12156 -3.5
    endloop
  endfacet
  facet normal 0 0 -1
    outer loop
      vertex 8.25242 4.91529 -3.5
      vertex 8.25242 7.08471 -3.5
      vertex 8.34059 6.87844 -3.5
    endloop
  endfacet
  facet normal 0 0 -1
    outer loop
      vertex 8.14612 4.71775 -3.5
      vertex 8.25242 7.08471 -3.5
      vertex 8.25242 4.91529 -3.5
    endloop
  endfacet
  facet normal 0 0 -1
    outer loop
      vertex 8.14612 4.71775 -3.5
      vertex 8.14612 7.28225 -3.5
      vertex 8.25242 7.08471 -3.5
    endloop
  endfacet
  facet normal 0 0 -1
    outer loop
      vertex 8.02254 4.53054 -3.5
      vertex 8.14612 7.28225 -3.5
      vertex 8.14612 4.71775 -3.5
    endloop
  endfacet
  facet normal 0 0 -1
    outer loop
      vertex 8.02254 4.53054 -3.5
      vertex 8.02254 7.46946 -3.5
      vertex 8.14612 7.28225 -3.5
    endloop
  endfacet
  facet normal 0 0 -1
    outer loop
      vertex 7.88268 4.35515 -3.5
      vertex 8.02254 7.46946 -3.5
      vertex 8.02254 4.53054 -3.5
    endloop
  endfacet
  facet normal 0 0 -1
    outer loop
      vertex 7.88268 4.35515 -3.5
      vertex 7.88268 7.64485 -3.5
      vertex 8.02254 7.46946 -3.5
    endloop
  endfacet
  facet normal 0 0 -1
    outer loop
      vertex 7.72766 4.19301 -3.5
      vertex 7.88268 7.64485 -3.5
      vertex 7.88268 4.35515 -3.5
    endloop
  endfacet
  facet normal 0 0 -1
    outer loop
      vertex 7.72766 4.19301 -3.5
      vertex 7.72766 7.80699 -3.5
      vertex 7.88268 7.64485 -3.5
    endloop
  endfacet
  facet normal 0 0 -1
    outer loop
      vertex 7.55872 4.04542 -3.5
      vertex 7.72766 7.80699 -3.5
      vertex 7.72766 4.19301 -3.5
    endloop
  endfacet
  facet normal 0 0 -1
    outer loop
      vertex 7.55872 4.04542 -3.5
      vertex 7.55872 7.95458 -3.5
      vertex 7.72766 7.80699 -3.5
    endloop
  endfacet
  facet normal 0 0 -1
    outer loop
      vertex 7.37724 3.91357 -3.5
      vertex 7.55872 7.95458 -3.5
      vertex 7.55872 4.04542 -3.5
    endloop
  endfacet
  facet normal 0 0 -1
    outer loop
      vertex 7.37724 3.91357 -3.5
      vertex 7.37724 8.08643 -3.5
      vertex 7.55872 7.95458 -3.5
    endloop
  endfacet
  facet normal 0 0 -1
    outer loop
      vertex 7.18467 3.79851 -3.5
      vertex 7.37724 8.08643 -3.5
      vertex 7.37724 3.91357 -3.5
    endloop
  endfacet
  facet normal 0 0 -1
    outer loop
      vertex 7.18467 3.79851 -3.5
      vertex 7.18467 8.20149 -3.5
      vertex 7.37724 8.08643 -3.5
    endloop
  endfacet
  facet normal 0 0 -1
    outer loop
      vertex 6.98256 3.70118 -3.5
      vertex 7.18467 8.20149 -3.5
      vertex 7.18467 3.79851 -3.5
    endloop
  endfacet
  facet normal 0 0 -1
    outer loop
      vertex 6.98256 3.70118 -3.5
      vertex 6.98256 8.29882 -3.5
      vertex 7.18467 8.20149 -3.5
    endloop
  endfacet
  facet normal 0 0 -1
    outer loop
      vertex 6.77254 3.62236 -3.5
      vertex 6.98256 8.29882 -3.5
      vertex 6.98256 3.70118 -3.5
    endloop
  endfacet
  facet normal 0 0 -1
    outer loop
      vertex 6.77254 3.62236 -3.5
      vertex 6.77254 8.37764 -3.5
      vertex 6.98256 8.29882 -3.5
    endloop
  endfacet
  facet normal 0 0 -1
    outer loop
      vertex 6.5563 3.56268 -3.5
      vertex 6.77254 8.37764 -3.5
      vertex 6.77254 3.62236 -3.5
    endloop
  endfacet
  facet normal 0 0 -1
    outer loop
      vertex 6.5563 3.56268 -3.5
      vertex 6.5563 8.43732 -3.5
      vertex 6.77254 8.37764 -3.5
    endloop
  endfacet
  facet normal 0 0 -1
    outer loop
      vertex 6.33558 3.52262 -3.5
      vertex 6.5563 8.43732 -3.5
      vertex 6.5563 3.56268 -3.5
    endloop
  endfacet
  facet normal 0 0 -1
    outer loop
      vertex 6.33558 3.52262 -3.5
      vertex 6.33558 8.47737 -3.5
      vertex 6.5563 8.43732 -3.5
    endloop
  endfacet
  facet normal 0 0 -1
    outer loop
      vertex 6.11216 3.50252 -3.5
      vertex 6.33558 8.47737 -3.5
      vertex 6.33558 3.52262 -3.5
    endloop
  endfacet
  facet normal 0 0 -1
    outer loop
      vertex 6.11216 3.50252 -3.5
      vertex 6.11216 8.49748 -3.5
      vertex 6.33558 8.47737 -3.5
    endloop
  endfacet
  facet normal 0 0 -1
    outer loop
      vertex 5.88784 3.50252 -3.5
      vertex 6.11216 8.49748 -3.5
      vertex 6.11216 3.50252 -3.5
    endloop
  endfacet
  facet normal 0 0 -1
    outer loop
      vertex 5.88784 3.50252 -3.5
      vertex 5.88784 8.49748 -3.5
      vertex 6.11216 8.49748 -3.5
    endloop
  endfacet
  facet normal 0 0 -1
    outer loop
      vertex 5.66442 3.52262 -3.5
      vertex 5.88784 8.49748 -3.5
      vertex 5.88784 3.50252 -3.5
    endloop
  endfacet
  facet normal 0 0 -1
    outer loop
      vertex 5.66442 3.52262 -3.5
      vertex 5.66442 8.47737 -3.5
      vertex 5.88784 8.49748 -3.5
    endloop
  endfacet
  facet normal 0 0 -1
    outer loop
      vertex 5.4437 3.56268 -3.5
      vertex 5.66442 8.47737 -3.5
      vertex 5.66442 3.52262 -3.5
    endloop
  endfacet
  facet normal 0 0 -1
    outer loop
      vertex 5.4437 3.56268 -3.5
      vertex 5.4437 8.43732 -3.5
      vertex 5.66442 8.47737 -3.5
    endloop
  endfacet
  facet normal 0 0 -1
    outer loop
      vertex 5.22746 3.62236 -3.5
      vertex 5.4437 8.43732 -3.5
      vertex 5.4437 3.56268 -3.5
    endloop
  endfacet
  facet normal 0 0 -1
    outer loop
      vertex 5.22746 3.62236 -3.5
      vertex 5.22746 8.37764 -3.5
      vertex 5.4437 8.43732 -3.5
    endloop
  endfacet
  facet normal 0 0 -1
    outer loop
      vertex 5.01744 3.70118 -3.5
      vertex 5.22746 8.37764 -3.5
      vertex 5.22746 3.62236 -3.5
    endloop
  endfacet
  facet normal 0 0 -1
    outer loop
      vertex 5.01744 3.70118 -3.5
      vertex 5.01744 8.29882 -3.5
      vertex 5.22746 8.37764 -3.5
    endloop
  endfacet
  facet normal 0 0 -1
    outer loop
      vertex 4.81533 3.79851 -3.5
      vertex 5.01744 8.29882 -3.5
      vertex 5.01744 3.70118 -3.5
    endloop
  endfacet
  facet normal 0 0 -1
    outer loop
      vertex 4.81533 3.79851 -3.5
      vertex 4.81533 8.20149 -3.5
      vertex 5.01744 8.29882 -3.5
    endloop
  endfacet
  facet normal 0 0 -1
    outer loop
      vertex 4.62276 3.91357 -3.5
      vertex 4.81533 8.20149 -3.5
      vertex 4.81533 3.79851 -3.5
    endloop
  endfacet
  facet normal 0 0 -1
    outer loop
      vertex 4.62276 3.91357 -3.5
      vertex 4.62276 8.08643 -3.5
      vertex 4.81533 8.20149 -3.5
    endloop
  endfacet
  facet normal 0 0 -1
    outer loop
      vertex 4.44127 4.04542 -3.5
      vertex 4.62276 8.08643 -3.5
      vertex 4.62276 3.91357 -3.5
    endloop
  endfacet
  facet normal 0 0 -1
    outer loop
      vertex 4.44127 4.04542 -3.5
      vertex 4.44127 7.95458 -3.5
      vertex 4.62276 8.08643 -3.5
    endloop
  endfacet
  facet normal 0 0 -1
    outer loop
      vertex 4.27234 4.19301 -3.5
      vertex 4.44127 7.95458 -3.5
      vertex 4.44127 4.04542 -3.5
    endloop
  endfacet
  facet normal 0 0 -1
    outer loop
      vertex 4.27234 4.19301 -3.5
      vertex 4.27234 7.80699 -3.5
      vertex 4.44127 7.95458 -3.5
    endloop
  endfacet
  facet normal 0 0 -1
    outer loop
      vertex 4.11732 4.35515 -3.5
      vertex 4.27234 7.80699 -3.5
      vertex 4.27234 4.19301 -3.5
    endloop
  endfacet
  facet normal 0 0 -1
    outer loop
      vertex 4.11732 4.35515 -3.5
      vertex 4.11732 7.64485 -3.5
      vertex 4.27234 7.80699 -3.5
    endloop
  endfacet
  facet normal 0 0 -1
    outer loop
      vertex 3.97746 4.53054 -3.5
      vertex 4.11732 7.64485 -3.5
      vertex 4.11732 4.35515 -3.5
    endloop
  endfacet
  facet normal 0 0 -1
    outer loop
      vertex 3.97746 4.53054 -3.5
      vertex 3.97746 7.46946 -3.5
      vertex 4.11732 7.64485 -3.5
    endloop
  endfacet
  facet normal 0 0 -1
    outer loop
      vertex 3.85388 4.71775 -3.5
      vertex 3.97746 7.46946 -3.5
      vertex 3.97746 4.53054 -3.5
    endloop
  endfacet
  facet normal 0 0 -1
    outer loop
      vertex 3.85388 4.71775 -3.5
      vertex 3.85388 7.28225 -3.5
      vertex 3.97746 7.46946 -3.5
    endloop
  endfacet
  facet normal 0 0 -1
    outer loop
      vertex 3.74758 4.91529 -3.5
      vertex 3.85388 7.28225 -3.5
      vertex 3.85388 4.71775 -3.5
    endloop
  endfacet
  facet normal 0 0 -1
    outer loop
      vertex 3.74758 4.91529 -3.5
      vertex 3.74758 7.08471 -3.5
      vertex 3.85388 7.28225 -3.5
    endloop
  endfacet
  facet normal 0 0 -1
    outer loop
      vertex 3.65941 5.12156 -3.5
      vertex 3.74758 7.08471 -3.5
      vertex 3.74758 4.91529 -3.5
    endloop
  endfacet
  facet normal 0 0 -1
    outer loop
      vertex 3.65941 5.12156 -3.5
      vertex 3.65941 6.87844 -3.5
      vertex 3.74758 7.08471 -3.5
    endloop
  endfacet
  facet normal 0 0 -1
    outer loop
      vertex 3.59009 5.33491 -3.5
      vertex 3.65941 6.87844 -3.5
      vertex 3.65941 5.12156 -3.5
    endloop
  endfacet
  facet normal 0 0 -1
    outer loop
      vertex 3.59009 5.33491 -3.5
      vertex 3.59009 6.66509 -3.5
      vertex 3.65941 6.87844 -3.5
    endloop
  endfacet
  facet normal 0 0 -1
    outer loop
      vertex 3.54018 5.55361 -3.5
      vertex 3.59009 6.66509 -3.5
      vertex 3.59009 5.33491 -3.5
    endloop
  endfacet
  facet normal 0 0 -1
    outer loop
      vertex 3.54018 5.55361 -3.5
      vertex 3.54018 6.44639 -3.5
      vertex 3.59009 6.66509 -3.5
    endloop
  endfacet
  facet normal 0 0 -1
    outer loop
      vertex 3.51006 5.7759 -3.5
      vertex 3.54018 6.44639 -3.5
      vertex 3.54018 5.55361 -3.5
    endloop
  endfacet
  facet normal 0 0 -1
    outer loop
      vertex 3.51006 5.7759 -3.5
      vertex 3.51006 6.2241 -3.5
      vertex 3.54018 6.44639 -3.5
    endloop
  endfacet
  facet normal 0 -0 -1
    outer loop
      vertex 3.51006 6.2241 -3.5
      vertex 3.51006 5.7759 -3.5
      vertex 3.5 6 -3.5
    endloop
  endfacet
  facet normal -0.998994 0.0448455 0
    outer loop
      vertex 3.5 6 -3.5
      vertex 3.51006 6.2241 3.5
      vertex 3.51006 6.2241 -3.5
    endloop
  endfacet
  facet normal -0.998994 0.0448455 0
    outer loop
      vertex 3.51006 6.2241 3.5
      vertex 3.5 6 -3.5
      vertex 3.5 6 3.5
    endloop
  endfacet
  facet normal -0.834566 0.550909 0
    outer loop
      vertex 3.85388 7.28225 -3.5
      vertex 3.97746 7.46946 3.5
      vertex 3.97746 7.46946 -3.5
    endloop
  endfacet
  facet normal -0.834566 0.550909 0
    outer loop
      vertex 3.97746 7.46946 3.5
      vertex 3.85388 7.28225 -3.5
      vertex 3.85388 7.28225 3.5
    endloop
  endfacet
  facet normal -0.266043 0.963961 0
    outer loop
      vertex 5.4437 8.43732 -3.5
      vertex 5.22746 8.37764 3.5
      vertex 5.4437 8.43732 3.5
    endloop
  endfacet
  facet normal -0.266043 0.963961 0
    outer loop
      vertex 5.22746 8.37764 3.5
      vertex 5.4437 8.43732 -3.5
      vertex 5.22746 8.37764 -3.5
    endloop
  endfacet
  facet normal -0.834566 -0.550909 0
    outer loop
      vertex 3.97746 4.53054 -3.5
      vertex 3.85388 4.71775 3.5
      vertex 3.85388 4.71775 -3.5
    endloop
  endfacet
  facet normal -0.834566 -0.550909 0
    outer loop
      vertex 3.85388 4.71775 3.5
      vertex 3.97746 4.53054 -3.5
      vertex 3.97746 4.53054 3.5
    endloop
  endfacet
  facet normal 0.99095 0.134228 0
    outer loop
      vertex 8.48993 6.2241 3.5
      vertex 8.45982 6.44639 -3.5
      vertex 8.45982 6.44639 3.5
    endloop
  endfacet
  facet normal 0.99095 0.134228 0
    outer loop
      vertex 8.45982 6.44639 -3.5
      vertex 8.48993 6.2241 3.5
      vertex 8.48993 6.2241 -3.5
    endloop
  endfacet
  facet normal 0.781851 0.623466 0
    outer loop
      vertex 8.02254 7.46946 3.5
      vertex 7.88268 7.64485 -3.5
      vertex 7.88268 7.64485 3.5
    endloop
  endfacet
  facet normal 0.781851 0.623466 0
    outer loop
      vertex 7.88268 7.64485 -3.5
      vertex 8.02254 7.46946 3.5
      vertex 8.02254 7.46946 -3.5
    endloop
  endfacet
  facet normal 0.657917 0.75309 -0
    outer loop
      vertex 7.72766 7.80699 -3.5
      vertex 7.55872 7.95458 3.5
      vertex 7.72766 7.80699 3.5
    endloop
  endfacet
  facet normal 0.657917 0.75309 0
    outer loop
      vertex 7.55872 7.95458 3.5
      vertex 7.72766 7.80699 -3.5
      vertex 7.55872 7.95458 -3.5
    endloop
  endfacet
  facet normal 0.722799 0.691059 0
    outer loop
      vertex 7.88268 7.64485 3.5
      vertex 7.72766 7.80699 -3.5
      vertex 7.72766 7.80699 3.5
    endloop
  endfacet
  facet normal 0.722799 0.691059 0
    outer loop
      vertex 7.72766 7.80699 -3.5
      vertex 7.88268 7.64485 3.5
      vertex 7.88268 7.64485 -3.5
    endloop
  endfacet
  facet normal -0.0896474 0.995974 0
    outer loop
      vertex 5.88784 8.49748 -3.5
      vertex 5.66442 8.47737 3.5
      vertex 5.88784 8.49748 3.5
    endloop
  endfacet
  facet normal -0.0896474 0.995974 0
    outer loop
      vertex 5.66442 8.47737 3.5
      vertex 5.88784 8.49748 -3.5
      vertex 5.66442 8.47737 -3.5
    endloop
  endfacet
  facet normal 0.178536 0.983933 -0
    outer loop
      vertex 6.5563 8.43732 -3.5
      vertex 6.33558 8.47737 3.5
      vertex 6.5563 8.43732 3.5
    endloop
  endfacet
  facet normal 0.178536 0.983933 0
    outer loop
      vertex 6.33558 8.47737 3.5
      vertex 6.5563 8.43732 -3.5
      vertex 6.33558 8.47737 -3.5
    endloop
  endfacet
  facet normal 0.0896474 0.995974 -0
    outer loop
      vertex 6.33558 8.47737 -3.5
      vertex 6.11216 8.49748 3.5
      vertex 6.33558 8.47737 3.5
    endloop
  endfacet
  facet normal 0.0896474 0.995974 0
    outer loop
      vertex 6.11216 8.49748 3.5
      vertex 6.33558 8.47737 -3.5
      vertex 6.11216 8.49748 -3.5
    endloop
  endfacet
  facet normal 0.587777 0.809023 -0
    outer loop
      vertex 7.55872 7.95458 -3.5
      vertex 7.37724 8.08643 3.5
      vertex 7.55872 7.95458 3.5
    endloop
  endfacet
  facet normal 0.587777 0.809023 0
    outer loop
      vertex 7.37724 8.08643 3.5
      vertex 7.55872 7.95458 -3.5
      vertex 7.37724 8.08643 -3.5
    endloop
  endfacet
  facet normal 0 0 1
    outer loop
      vertex 8.48993 6.2241 3.5
      vertex 8.48993 5.7759 3.5
      vertex 8.5 6 3.5
    endloop
  endfacet
  facet normal 0 0 1
    outer loop
      vertex 8.45982 6.44639 3.5
      vertex 8.48993 5.7759 3.5
      vertex 8.48993 6.2241 3.5
    endloop
  endfacet
  facet normal 0 0 1
    outer loop
      vertex 8.45982 6.44639 3.5
      vertex 8.45982 5.55361 3.5
      vertex 8.48993 5.7759 3.5
    endloop
  endfacet
  facet normal 0 0 1
    outer loop
      vertex 8.40991 6.66509 3.5
      vertex 8.45982 5.55361 3.5
      vertex 8.45982 6.44639 3.5
    endloop
  endfacet
  facet normal 0 0 1
    outer loop
      vertex 8.40991 6.66509 3.5
      vertex 8.40991 5.33491 3.5
      vertex 8.45982 5.55361 3.5
    endloop
  endfacet
  facet normal 0 0 1
    outer loop
      vertex 8.34059 6.87844 3.5
      vertex 8.40991 5.33491 3.5
      vertex 8.40991 6.66509 3.5
    endloop
  endfacet
  facet normal 0 0 1
    outer loop
      vertex 8.34059 6.87844 3.5
      vertex 8.34059 5.12156 3.5
      vertex 8.40991 5.33491 3.5
    endloop
  endfacet
  facet normal 0 0 1
    outer loop
      vertex 8.25242 7.08471 3.5
      vertex 8.34059 5.12156 3.5
      vertex 8.34059 6.87844 3.5
    endloop
  endfacet
  facet normal 0 0 1
    outer loop
      vertex 8.25242 7.08471 3.5
      vertex 8.25242 4.91529 3.5
      vertex 8.34059 5.12156 3.5
    endloop
  endfacet
  facet normal 0 0 1
    outer loop
      vertex 8.14612 7.28225 3.5
      vertex 8.25242 4.91529 3.5
      vertex 8.25242 7.08471 3.5
    endloop
  endfacet
  facet normal 0 0 1
    outer loop
      vertex 8.14612 7.28225 3.5
      vertex 8.14612 4.71775 3.5
      vertex 8.25242 4.91529 3.5
    endloop
  endfacet
  facet normal 0 0 1
    outer loop
      vertex 8.02254 7.46946 3.5
      vertex 8.14612 4.71775 3.5
      vertex 8.14612 7.28225 3.5
    endloop
  endfacet
  facet normal 0 0 1
    outer loop
      vertex 8.02254 7.46946 3.5
      vertex 8.02254 4.53054 3.5
      vertex 8.14612 4.71775 3.5
    endloop
  endfacet
  facet normal 0 0 1
    outer loop
      vertex 7.88268 7.64485 3.5
      vertex 8.02254 4.53054 3.5
      vertex 8.02254 7.46946 3.5
    endloop
  endfacet
  facet normal 0 0 1
    outer loop
      vertex 7.88268 7.64485 3.5
      vertex 7.88268 4.35515 3.5
      vertex 8.02254 4.53054 3.5
    endloop
  endfacet
  facet normal 0 0 1
    outer loop
      vertex 7.72766 7.80699 3.5
      vertex 7.88268 4.35515 3.5
      vertex 7.88268 7.64485 3.5
    endloop
  endfacet
  facet normal 0 0 1
    outer loop
      vertex 7.72766 7.80699 3.5
      vertex 7.72766 4.19301 3.5
      vertex 7.88268 4.35515 3.5
    endloop
  endfacet
  facet normal 0 0 1
    outer loop
      vertex 7.55872 7.95458 3.5
      vertex 7.72766 4.19301 3.5
      vertex 7.72766 7.80699 3.5
    endloop
  endfacet
  facet normal 0 0 1
    outer loop
      vertex 7.55872 7.95458 3.5
      vertex 7.55872 4.04542 3.5
      vertex 7.72766 4.19301 3.5
    endloop
  endfacet
  facet normal 0 0 1
    outer loop
      vertex 7.37724 8.08643 3.5
      vertex 7.55872 4.04542 3.5
      vertex 7.55872 7.95458 3.5
    endloop
  endfacet
  facet normal 0 0 1
    outer loop
      vertex 7.37724 8.08643 3.5
      vertex 7.37724 3.91357 3.5
      vertex 7.55872 4.04542 3.5
    endloop
  endfacet
  facet normal 0 0 1
    outer loop
      vertex 7.18467 8.20149 3.5
      vertex 7.37724 3.91357 3.5
      vertex 7.37724 8.08643 3.5
    endloop
  endfacet
  facet normal 0 0 1
    outer loop
      vertex 7.18467 8.20149 3.5
      vertex 7.18467 3.79851 3.5
      vertex 7.37724 3.91357 3.5
    endloop
  endfacet
  facet normal 0 0 1
    outer loop
      vertex 6.98256 8.29882 3.5
      vertex 7.18467 3.79851 3.5
      vertex 7.18467 8.20149 3.5
    endloop
  endfacet
  facet normal 0 0 1
    outer loop
      vertex 6.98256 8.29882 3.5
      vertex 6.98256 3.70118 3.5
      vertex 7.18467 3.79851 3.5
    endloop
  endfacet
  facet normal 0 0 1
    outer loop
      vertex 6.77254 8.37764 3.5
      vertex 6.98256 3.70118 3.5
      vertex 6.98256 8.29882 3.5
    endloop
  endfacet
  facet normal 0 0 1
    outer loop
      vertex 6.77254 8.37764 3.5
      vertex 6.77254 3.62236 3.5
      vertex 6.98256 3.70118 3.5
    endloop
  endfacet
  facet normal 0 0 1
    outer loop
      vertex 6.5563 8.43732 3.5
      vertex 6.77254 3.62236 3.5
      vertex 6.77254 8.37764 3.5
    endloop
  endfacet
  facet normal 0 0 1
    outer loop
      vertex 6.5563 8.43732 3.5
      vertex 6.5563 3.56268 3.5
      vertex 6.77254 3.62236 3.5
    endloop
  endfacet
  facet normal 0 0 1
    outer loop
      vertex 6.33558 8.47737 3.5
      vertex 6.5563 3.56268 3.5
      vertex 6.5563 8.43732 3.5
    endloop
  endfacet
  facet normal 0 0 1
    outer loop
      vertex 6.33558 8.47737 3.5
      vertex 6.33558 3.52262 3.5
      vertex 6.5563 3.56268 3.5
    endloop
  endfacet
  facet normal 0 0 1
    outer loop
      vertex 6.11216 8.49748 3.5
      vertex 6.33558 3.52262 3.5
      vertex 6.33558 8.47737 3.5
    endloop
  endfacet
  facet normal 0 0 1
    outer loop
      vertex 6.11216 8.49748 3.5
      vertex 6.11216 3.50252 3.5
      vertex 6.33558 3.52262 3.5
    endloop
  endfacet
  facet normal -0 0 1
    outer loop
      vertex 5.88784 8.49748 3.5
      vertex 6.11216 3.50252 3.5
      vertex 6.11216 8.49748 3.5
    endloop
  endfacet
  facet normal 0 0 1
    outer loop
      vertex 5.88784 8.49748 3.5
      vertex 5.88784 3.50252 3.5
      vertex 6.11216 3.50252 3.5
    endloop
  endfacet
  facet normal -0 0 1
    outer loop
      vertex 5.66442 8.47737 3.5
      vertex 5.88784 3.50252 3.5
      vertex 5.88784 8.49748 3.5
    endloop
  endfacet
  facet normal 0 0 1
    outer loop
      vertex 5.66442 8.47737 3.5
      vertex 5.66442 3.52262 3.5
      vertex 5.88784 3.50252 3.5
    endloop
  endfacet
  facet normal -0 0 1
    outer loop
      vertex 5.4437 8.43732 3.5
      vertex 5.66442 3.52262 3.5
      vertex 5.66442 8.47737 3.5
    endloop
  endfacet
  facet normal 0 0 1
    outer loop
      vertex 5.4437 8.43732 3.5
      vertex 5.4437 3.56268 3.5
      vertex 5.66442 3.52262 3.5
    endloop
  endfacet
  facet normal -0 0 1
    outer loop
      vertex 5.22746 8.37764 3.5
      vertex 5.4437 3.56268 3.5
      vertex 5.4437 8.43732 3.5
    endloop
  endfacet
  facet normal 0 0 1
    outer loop
      vertex 5.22746 8.37764 3.5
      vertex 5.22746 3.62236 3.5
      vertex 5.4437 3.56268 3.5
    endloop
  endfacet
  facet normal -0 0 1
    outer loop
      vertex 5.01744 8.29882 3.5
      vertex 5.22746 3.62236 3.5
      vertex 5.22746 8.37764 3.5
    endloop
  endfacet
  facet normal 0 0 1
    outer loop
      vertex 5.01744 8.29882 3.5
      vertex 5.01744 3.70118 3.5
      vertex 5.22746 3.62236 3.5
    endloop
  endfacet
  facet normal -0 0 1
    outer loop
      vertex 4.81533 8.20149 3.5
      vertex 5.01744 3.70118 3.5
      vertex 5.01744 8.29882 3.5
    endloop
  endfacet
  facet normal 0 0 1
    outer loop
      vertex 4.81533 8.20149 3.5
      vertex 4.81533 3.79851 3.5
      vertex 5.01744 3.70118 3.5
    endloop
  endfacet
  facet normal -0 0 1
    outer loop
      vertex 4.62276 8.08643 3.5
      vertex 4.81533 3.79851 3.5
      vertex 4.81533 8.20149 3.5
    endloop
  endfacet
  facet normal 0 0 1
    outer loop
      vertex 4.62276 8.08643 3.5
      vertex 4.62276 3.91357 3.5
      vertex 4.81533 3.79851 3.5
    endloop
  endfacet
  facet normal -0 0 1
    outer loop
      vertex 4.44127 7.95458 3.5
      vertex 4.62276 3.91357 3.5
      vertex 4.62276 8.08643 3.5
    endloop
  endfacet
  facet normal 0 0 1
    outer loop
      vertex 4.44127 7.95458 3.5
      vertex 4.44127 4.04542 3.5
      vertex 4.62276 3.91357 3.5
    endloop
  endfacet
  facet normal -0 0 1
    outer loop
      vertex 4.27234 7.80699 3.5
      vertex 4.44127 4.04542 3.5
      vertex 4.44127 7.95458 3.5
    endloop
  endfacet
  facet normal 0 0 1
    outer loop
      vertex 4.27234 7.80699 3.5
      vertex 4.27234 4.19301 3.5
      vertex 4.44127 4.04542 3.5
    endloop
  endfacet
  facet normal -0 0 1
    outer loop
      vertex 4.11732 7.64485 3.5
      vertex 4.27234 4.19301 3.5
      vertex 4.27234 7.80699 3.5
    endloop
  endfacet
  facet normal 0 0 1
    outer loop
      vertex 4.11732 7.64485 3.5
      vertex 4.11732 4.35515 3.5
      vertex 4.27234 4.19301 3.5
    endloop
  endfacet
  facet normal -0 0 1
    outer loop
      vertex 3.97746 7.46946 3.5
      vertex 4.11732 4.35515 3.5
      vertex 4.11732 7.64485 3.5
    endloop
  endfacet
  facet normal 0 0 1
    outer loop
      vertex 3.97746 7.46946 3.5
      vertex 3.97746 4.53054 3.5
      vertex 4.11732 4.35515 3.5
    endloop
  endfacet
  facet normal -0 0 1
    outer loop
      vertex 3.85388 7.28225 3.5
      vertex 3.97746 4.53054 3.5
      vertex 3.97746 7.46946 3.5
    endloop
  endfacet
  facet normal 0 0 1
    outer loop
      vertex 3.85388 7.28225 3.5
      vertex 3.85388 4.71775 3.5
      vertex 3.97746 4.53054 3.5
    endloop
  endfacet
  facet normal -0 0 1
    outer loop
      vertex 3.74758 7.08471 3.5
      vertex 3.85388 4.71775 3.5
      vertex 3.85388 7.28225 3.5
    endloop
  endfacet
  facet normal 0 0 1
    outer loop
      vertex 3.74758 7.08471 3.5
      vertex 3.74758 4.91529 3.5
      vertex 3.85388 4.71775 3.5
    endloop
  endfacet
  facet normal -0 0 1
    outer loop
      vertex 3.65941 6.87844 3.5
      vertex 3.74758 4.91529 3.5
      vertex 3.74758 7.08471 3.5
    endloop
  endfacet
  facet normal 0 0 1
    outer loop
      vertex 3.65941 6.87844 3.5
      vertex 3.65941 5.12156 3.5
      vertex 3.74758 4.91529 3.5
    endloop
  endfacet
  facet normal -0 0 1
    outer loop
      vertex 3.59009 6.66509 3.5
      vertex 3.65941 5.12156 3.5
      vertex 3.65941 6.87844 3.5
    endloop
  endfacet
  facet normal 0 0 1
    outer loop
      vertex 3.59009 6.66509 3.5
      vertex 3.59009 5.33491 3.5
      vertex 3.65941 5.12156 3.5
    endloop
  endfacet
  facet normal -0 0 1
    outer loop
      vertex 3.54018 6.44639 3.5
      vertex 3.59009 5.33491 3.5
      vertex 3.59009 6.66509 3.5
    endloop
  endfacet
  facet normal 0 0 1
    outer loop
      vertex 3.54018 6.44639 3.5
      vertex 3.54018 5.55361 3.5
      vertex 3.59009 5.33491 3.5
    endloop
  endfacet
  facet normal -0 0 1
    outer loop
      vertex 3.51006 6.2241 3.5
      vertex 3.54018 5.55361 3.5
      vertex 3.54018 6.44639 3.5
    endloop
  endfacet
  facet normal 0 0 1
    outer loop
      vertex 3.51006 6.2241 3.5
      vertex 3.51006 5.7759 3.5
      vertex 3.54018 5.55361 3.5
    endloop
  endfacet
  facet normal 0 -0 1
    outer loop
      vertex 3.51006 5.7759 3.5
      vertex 3.51006 6.2241 3.5
      vertex 3.5 6 3.5
    endloop
  endfacet
  facet normal -0.974935 0.222492 0
    outer loop
      vertex 3.54018 6.44639 -3.5
      vertex 3.59009 6.66509 3.5
      vertex 3.59009 6.66509 -3.5
    endloop
  endfacet
  facet normal -0.974935 0.222492 0
    outer loop
      vertex 3.59009 6.66509 3.5
      vertex 3.54018 6.44639 -3.5
      vertex 3.54018 6.44639 3.5
    endloop
  endfacet
  facet normal -0.990945 0.134272 0
    outer loop
      vertex 3.51006 6.2241 -3.5
      vertex 3.54018 6.44639 3.5
      vertex 3.54018 6.44639 -3.5
    endloop
  endfacet
  facet normal -0.990945 0.134272 0
    outer loop
      vertex 3.54018 6.44639 3.5
      vertex 3.51006 6.2241 -3.5
      vertex 3.51006 6.2241 3.5
    endloop
  endfacet
  facet normal -0.919518 0.393048 0
    outer loop
      vertex 3.65941 6.87844 -3.5
      vertex 3.74758 7.08471 3.5
      vertex 3.74758 7.08471 -3.5
    endloop
  endfacet
  facet normal -0.919518 0.393048 0
    outer loop
      vertex 3.74758 7.08471 3.5
      vertex 3.65941 6.87844 -3.5
      vertex 3.65941 6.87844 3.5
    endloop
  endfacet
  facet normal -0.880597 0.473866 0
    outer loop
      vertex 3.74758 7.08471 -3.5
      vertex 3.85388 7.28225 3.5
      vertex 3.85388 7.28225 -3.5
    endloop
  endfacet
  facet normal -0.880597 0.473866 0
    outer loop
      vertex 3.85388 7.28225 3.5
      vertex 3.74758 7.08471 -3.5
      vertex 3.74758 7.08471 3.5
    endloop
  endfacet
  facet normal -0.351368 0.936238 0
    outer loop
      vertex 5.22746 8.37764 -3.5
      vertex 5.01744 8.29882 3.5
      vertex 5.22746 8.37764 3.5
    endloop
  endfacet
  facet normal -0.351368 0.936238 0
    outer loop
      vertex 5.01744 8.29882 3.5
      vertex 5.22746 8.37764 -3.5
      vertex 5.01744 8.29882 -3.5
    endloop
  endfacet
  facet normal -0.178536 0.983933 0
    outer loop
      vertex 5.66442 8.47737 -3.5
      vertex 5.4437 8.43732 3.5
      vertex 5.66442 8.47737 3.5
    endloop
  endfacet
  facet normal -0.178536 0.983933 0
    outer loop
      vertex 5.4437 8.43732 3.5
      vertex 5.66442 8.47737 -3.5
      vertex 5.4437 8.43732 -3.5
    endloop
  endfacet
  facet normal -0.587755 0.809039 0
    outer loop
      vertex 4.62276 8.08643 -3.5
      vertex 4.44127 7.95458 3.5
      vertex 4.62276 8.08643 3.5
    endloop
  endfacet
  facet normal -0.587755 0.809039 0
    outer loop
      vertex 4.44127 7.95458 3.5
      vertex 4.62276 8.08643 -3.5
      vertex 4.44127 7.95458 -3.5
    endloop
  endfacet
  facet normal -0.657939 0.753071 0
    outer loop
      vertex 4.44127 7.95458 -3.5
      vertex 4.27234 7.80699 3.5
      vertex 4.44127 7.95458 3.5
    endloop
  endfacet
  facet normal -0.657939 0.753071 0
    outer loop
      vertex 4.27234 7.80699 3.5
      vertex 4.44127 7.95458 -3.5
      vertex 4.27234 7.80699 -3.5
    endloop
  endfacet
  facet normal -0.512915 0.858439 0
    outer loop
      vertex 4.81533 8.20149 -3.5
      vertex 4.62276 8.08643 3.5
      vertex 4.81533 8.20149 3.5
    endloop
  endfacet
  facet normal -0.512915 0.858439 0
    outer loop
      vertex 4.62276 8.08643 3.5
      vertex 4.81533 8.20149 -3.5
      vertex 4.62276 8.08643 -3.5
    endloop
  endfacet
  facet normal 0.998992 0.04489 0
    outer loop
      vertex 8.5 6 3.5
      vertex 8.48993 6.2241 -3.5
      vertex 8.48993 6.2241 3.5
    endloop
  endfacet
  facet normal 0.998992 0.04489 0
    outer loop
      vertex 8.48993 6.2241 -3.5
      vertex 8.5 6 3.5
      vertex 8.5 6 -3.5
    endloop
  endfacet
  facet normal 0.99095 -0.134228 0
    outer loop
      vertex 8.45982 5.55361 3.5
      vertex 8.48993 5.7759 -3.5
      vertex 8.48993 5.7759 3.5
    endloop
  endfacet
  facet normal 0.99095 -0.134228 0
    outer loop
      vertex 8.48993 5.7759 -3.5
      vertex 8.45982 5.55361 3.5
      vertex 8.45982 5.55361 -3.5
    endloop
  endfacet
  facet normal 0.834566 -0.550909 0
    outer loop
      vertex 8.02254 4.53054 3.5
      vertex 8.14612 4.71775 -3.5
      vertex 8.14612 4.71775 3.5
    endloop
  endfacet
  facet normal 0.834566 -0.550909 0
    outer loop
      vertex 8.14612 4.71775 -3.5
      vertex 8.02254 4.53054 3.5
      vertex 8.02254 4.53054 -3.5
    endloop
  endfacet
  facet normal 0.178579 -0.983925 0
    outer loop
      vertex 6.33558 3.52262 -3.5
      vertex 6.5563 3.56268 3.5
      vertex 6.33558 3.52262 3.5
    endloop
  endfacet
  facet normal 0.178579 -0.983925 0
    outer loop
      vertex 6.5563 3.56268 3.5
      vertex 6.33558 3.52262 -3.5
      vertex 6.5563 3.56268 -3.5
    endloop
  endfacet
  facet normal 0.351368 -0.936238 0
    outer loop
      vertex 6.77254 3.62236 -3.5
      vertex 6.98256 3.70118 3.5
      vertex 6.77254 3.62236 3.5
    endloop
  endfacet
  facet normal 0.351368 -0.936238 0
    outer loop
      vertex 6.98256 3.70118 3.5
      vertex 6.77254 3.62236 -3.5
      vertex 6.98256 3.70118 -3.5
    endloop
  endfacet
  facet normal 0.880597 0.473866 0
    outer loop
      vertex 8.25242 7.08471 3.5
      vertex 8.14612 7.28225 -3.5
      vertex 8.14612 7.28225 3.5
    endloop
  endfacet
  facet normal 0.880597 0.473866 0
    outer loop
      vertex 8.14612 7.28225 -3.5
      vertex 8.25242 7.08471 3.5
      vertex 8.25242 7.08471 -3.5
    endloop
  endfacet
  facet normal 0.919518 0.393048 0
    outer loop
      vertex 8.34059 6.87844 3.5
      vertex 8.25242 7.08471 -3.5
      vertex 8.25242 7.08471 3.5
    endloop
  endfacet
  facet normal 0.919518 0.393048 0
    outer loop
      vertex 8.25242 7.08471 -3.5
      vertex 8.34059 6.87844 3.5
      vertex 8.34059 6.87844 -3.5
    endloop
  endfacet
  facet normal 0.951059 0.30901 0
    outer loop
      vertex 8.40991 6.66509 3.5
      vertex 8.34059 6.87844 -3.5
      vertex 8.34059 6.87844 3.5
    endloop
  endfacet
  facet normal 0.951059 0.30901 0
    outer loop
      vertex 8.34059 6.87844 -3.5
      vertex 8.40991 6.66509 3.5
      vertex 8.40991 6.66509 -3.5
    endloop
  endfacet
  facet normal 0.43388 0.900971 -0
    outer loop
      vertex 7.18467 8.20149 -3.5
      vertex 6.98256 8.29882 3.5
      vertex 7.18467 8.20149 3.5
    endloop
  endfacet
  facet normal 0.43388 0.900971 0
    outer loop
      vertex 6.98256 8.29882 3.5
      vertex 7.18467 8.20149 -3.5
      vertex 6.98256 8.29882 -3.5
    endloop
  endfacet
  facet normal 0.351368 0.936238 -0
    outer loop
      vertex 6.98256 8.29882 -3.5
      vertex 6.77254 8.37764 3.5
      vertex 6.98256 8.29882 3.5
    endloop
  endfacet
  facet normal 0.351368 0.936238 0
    outer loop
      vertex 6.77254 8.37764 3.5
      vertex 6.98256 8.29882 -3.5
      vertex 6.77254 8.37764 -3.5
    endloop
  endfacet
  facet normal -0.998994 -0.0448455 0
    outer loop
      vertex 3.51006 5.7759 -3.5
      vertex 3.5 6 3.5
      vertex 3.5 6 -3.5
    endloop
  endfacet
  facet normal -0.998994 -0.0448455 0
    outer loop
      vertex 3.5 6 3.5
      vertex 3.51006 5.7759 -3.5
      vertex 3.51006 5.7759 3.5
    endloop
  endfacet
  facet normal -0.722799 0.691059 0
    outer loop
      vertex 4.11732 7.64485 -3.5
      vertex 4.27234 7.80699 3.5
      vertex 4.27234 7.80699 -3.5
    endloop
  endfacet
  facet normal -0.722799 0.691059 0
    outer loop
      vertex 4.27234 7.80699 3.5
      vertex 4.11732 7.64485 -3.5
      vertex 4.11732 7.64485 3.5
    endloop
  endfacet
  facet normal -0.781851 0.623466 0
    outer loop
      vertex 3.97746 7.46946 -3.5
      vertex 4.11732 7.64485 3.5
      vertex 4.11732 7.64485 -3.5
    endloop
  endfacet
  facet normal -0.781851 0.623466 0
    outer loop
      vertex 4.11732 7.64485 3.5
      vertex 3.97746 7.46946 -3.5
      vertex 3.97746 7.46946 3.5
    endloop
  endfacet
  facet normal 0.919518 -0.393048 0
    outer loop
      vertex 8.25242 4.91529 3.5
      vertex 8.34059 5.12156 -3.5
      vertex 8.34059 5.12156 3.5
    endloop
  endfacet
  facet normal 0.919518 -0.393048 0
    outer loop
      vertex 8.34059 5.12156 -3.5
      vertex 8.25242 4.91529 3.5
      vertex 8.25242 4.91529 -3.5
    endloop
  endfacet
  facet normal 0.974935 -0.222492 0
    outer loop
      vertex 8.40991 5.33491 3.5
      vertex 8.45982 5.55361 -3.5
      vertex 8.45982 5.55361 3.5
    endloop
  endfacet
  facet normal 0.974935 -0.222492 0
    outer loop
      vertex 8.45982 5.55361 -3.5
      vertex 8.40991 5.33491 3.5
      vertex 8.40991 5.33491 -3.5
    endloop
  endfacet
  facet normal 0.951059 -0.30901 0
    outer loop
      vertex 8.34059 5.12156 3.5
      vertex 8.40991 5.33491 -3.5
      vertex 8.40991 5.33491 3.5
    endloop
  endfacet
  facet normal 0.951059 -0.30901 0
    outer loop
      vertex 8.40991 5.33491 -3.5
      vertex 8.34059 5.12156 3.5
      vertex 8.34059 5.12156 -3.5
    endloop
  endfacet
  facet normal 0 -1 0
    outer loop
      vertex 5.88784 3.50252 -3.5
      vertex 6.11216 3.50252 3.5
      vertex 5.88784 3.50252 3.5
    endloop
  endfacet
  facet normal 0 -1 -0
    outer loop
      vertex 6.11216 3.50252 3.5
      vertex 5.88784 3.50252 -3.5
      vertex 6.11216 3.50252 -3.5
    endloop
  endfacet
  facet normal -0.990945 -0.134272 0
    outer loop
      vertex 3.54018 5.55361 -3.5
      vertex 3.51006 5.7759 3.5
      vertex 3.51006 5.7759 -3.5
    endloop
  endfacet
  facet normal -0.990945 -0.134272 0
    outer loop
      vertex 3.51006 5.7759 3.5
      vertex 3.54018 5.55361 -3.5
      vertex 3.54018 5.55361 3.5
    endloop
  endfacet
  facet normal -0.919518 -0.393048 0
    outer loop
      vertex 3.74758 4.91529 -3.5
      vertex 3.65941 5.12156 3.5
      vertex 3.65941 5.12156 -3.5
    endloop
  endfacet
  facet normal -0.919518 -0.393048 0
    outer loop
      vertex 3.65941 5.12156 3.5
      vertex 3.74758 4.91529 -3.5
      vertex 3.74758 4.91529 3.5
    endloop
  endfacet
  facet normal -0.974935 -0.222492 0
    outer loop
      vertex 3.59009 5.33491 -3.5
      vertex 3.54018 5.55361 3.5
      vertex 3.54018 5.55361 -3.5
    endloop
  endfacet
  facet normal -0.974935 -0.222492 0
    outer loop
      vertex 3.54018 5.55361 3.5
      vertex 3.59009 5.33491 -3.5
      vertex 3.59009 5.33491 3.5
    endloop
  endfacet
  facet normal -0.722799 -0.691059 0
    outer loop
      vertex 4.27234 4.19301 -3.5
      vertex 4.11732 4.35515 3.5
      vertex 4.11732 4.35515 -3.5
    endloop
  endfacet
  facet normal -0.722799 -0.691059 0
    outer loop
      vertex 4.11732 4.35515 3.5
      vertex 4.27234 4.19301 -3.5
      vertex 4.27234 4.19301 3.5
    endloop
  endfacet
  facet normal 0.266043 -0.963961 0
    outer loop
      vertex 6.5563 3.56268 -3.5
      vertex 6.77254 3.62236 3.5
      vertex 6.5563 3.56268 3.5
    endloop
  endfacet
  facet normal 0.266043 -0.963961 0
    outer loop
      vertex 6.77254 3.62236 3.5
      vertex 6.5563 3.56268 -3.5
      vertex 6.77254 3.62236 -3.5
    endloop
  endfacet
  facet normal 0.974935 0.222492 0
    outer loop
      vertex 8.45982 6.44639 3.5
      vertex 8.40991 6.66509 -3.5
      vertex 8.40991 6.66509 3.5
    endloop
  endfacet
  facet normal 0.974935 0.222492 0
    outer loop
      vertex 8.40991 6.66509 -3.5
      vertex 8.45982 6.44639 3.5
      vertex 8.45982 6.44639 -3.5
    endloop
  endfacet
  facet normal 0.512915 -0.858439 0
    outer loop
      vertex 7.18467 3.79851 -3.5
      vertex 7.37724 3.91357 3.5
      vertex 7.18467 3.79851 3.5
    endloop
  endfacet
  facet normal 0.512915 -0.858439 0
    outer loop
      vertex 7.37724 3.91357 3.5
      vertex 7.18467 3.79851 -3.5
      vertex 7.37724 3.91357 -3.5
    endloop
  endfacet
  facet normal 0.880597 -0.473866 0
    outer loop
      vertex 8.14612 4.71775 3.5
      vertex 8.25242 4.91529 -3.5
      vertex 8.25242 4.91529 3.5
    endloop
  endfacet
  facet normal 0.880597 -0.473866 0
    outer loop
      vertex 8.25242 4.91529 -3.5
      vertex 8.14612 4.71775 3.5
      vertex 8.14612 4.71775 -3.5
    endloop
  endfacet
  facet normal -0.587755 -0.809039 0
    outer loop
      vertex 4.44127 4.04542 -3.5
      vertex 4.62276 3.91357 3.5
      vertex 4.44127 4.04542 3.5
    endloop
  endfacet
  facet normal -0.587755 -0.809039 -0
    outer loop
      vertex 4.62276 3.91357 3.5
      vertex 4.44127 4.04542 -3.5
      vertex 4.62276 3.91357 -3.5
    endloop
  endfacet
  facet normal 0.0896032 -0.995978 0
    outer loop
      vertex 6.11216 3.50252 -3.5
      vertex 6.33558 3.52262 3.5
      vertex 6.11216 3.50252 3.5
    endloop
  endfacet
  facet normal 0.0896032 -0.995978 0
    outer loop
      vertex 6.33558 3.52262 3.5
      vertex 6.11216 3.50252 -3.5
      vertex 6.33558 3.52262 -3.5
    endloop
  endfacet
  facet normal -0.266043 -0.963961 0
    outer loop
      vertex 5.22746 3.62236 -3.5
      vertex 5.4437 3.56268 3.5
      vertex 5.22746 3.62236 3.5
    endloop
  endfacet
  facet normal -0.266043 -0.963961 -0
    outer loop
      vertex 5.4437 3.56268 3.5
      vertex 5.22746 3.62236 -3.5
      vertex 5.4437 3.56268 -3.5
    endloop
  endfacet
  facet normal -0.178579 -0.983925 0
    outer loop
      vertex 5.4437 3.56268 -3.5
      vertex 5.66442 3.52262 3.5
      vertex 5.4437 3.56268 3.5
    endloop
  endfacet
  facet normal -0.178579 -0.983925 -0
    outer loop
      vertex 5.66442 3.52262 3.5
      vertex 5.4437 3.56268 -3.5
      vertex 5.66442 3.52262 -3.5
    endloop
  endfacet
  facet normal -0.0896032 -0.995978 0
    outer loop
      vertex 5.66442 3.52262 -3.5
      vertex 5.88784 3.50252 3.5
      vertex 5.66442 3.52262 3.5
    endloop
  endfacet
  facet normal -0.0896032 -0.995978 -0
    outer loop
      vertex 5.88784 3.50252 3.5
      vertex 5.66442 3.52262 -3.5
      vertex 5.88784 3.50252 -3.5
    endloop
  endfacet
  facet normal -0.512915 -0.858439 0
    outer loop
      vertex 4.62276 3.91357 -3.5
      vertex 4.81533 3.79851 3.5
      vertex 4.62276 3.91357 3.5
    endloop
  endfacet
  facet normal -0.512915 -0.858439 -0
    outer loop
      vertex 4.81533 3.79851 3.5
      vertex 4.62276 3.91357 -3.5
      vertex 4.81533 3.79851 -3.5
    endloop
  endfacet
  facet normal -0.951059 -0.30901 0
    outer loop
      vertex 3.65941 5.12156 -3.5
      vertex 3.59009 5.33491 3.5
      vertex 3.59009 5.33491 -3.5
    endloop
  endfacet
  facet normal -0.951059 -0.30901 0
    outer loop
      vertex 3.59009 5.33491 3.5
      vertex 3.65941 5.12156 -3.5
      vertex 3.65941 5.12156 3.5
    endloop
  endfacet
  facet normal -0.880597 -0.473866 0
    outer loop
      vertex 3.85388 4.71775 -3.5
      vertex 3.74758 4.91529 3.5
      vertex 3.74758 4.91529 -3.5
    endloop
  endfacet
  facet normal -0.880597 -0.473866 0
    outer loop
      vertex 3.74758 4.91529 3.5
      vertex 3.85388 4.71775 -3.5
      vertex 3.85388 4.71775 3.5
    endloop
  endfacet
  facet normal -0.781851 -0.623466 0
    outer loop
      vertex 4.11732 4.35515 -3.5
      vertex 3.97746 4.53054 3.5
      vertex 3.97746 4.53054 -3.5
    endloop
  endfacet
  facet normal -0.781851 -0.623466 0
    outer loop
      vertex 3.97746 4.53054 3.5
      vertex 4.11732 4.35515 -3.5
      vertex 4.11732 4.35515 3.5
    endloop
  endfacet
  facet normal -0.657939 -0.753071 0
    outer loop
      vertex 4.27234 4.19301 -3.5
      vertex 4.44127 4.04542 3.5
      vertex 4.27234 4.19301 3.5
    endloop
  endfacet
  facet normal -0.657939 -0.753071 -0
    outer loop
      vertex 4.44127 4.04542 3.5
      vertex 4.27234 4.19301 -3.5
      vertex 4.44127 4.04542 -3.5
    endloop
  endfacet
  facet normal 0.43388 -0.900971 0
    outer loop
      vertex 6.98256 3.70118 -3.5
      vertex 7.18467 3.79851 3.5
      vertex 6.98256 3.70118 3.5
    endloop
  endfacet
  facet normal 0.43388 -0.900971 0
    outer loop
      vertex 7.18467 3.79851 3.5
      vertex 6.98256 3.70118 -3.5
      vertex 7.18467 3.79851 -3.5
    endloop
  endfacet
  facet normal 0.587777 -0.809023 0
    outer loop
      vertex 7.37724 3.91357 -3.5
      vertex 7.55872 4.04542 3.5
      vertex 7.37724 3.91357 3.5
    endloop
  endfacet
  facet normal 0.587777 -0.809023 0
    outer loop
      vertex 7.55872 4.04542 3.5
      vertex 7.37724 3.91357 -3.5
      vertex 7.55872 4.04542 -3.5
    endloop
  endfacet
  facet normal 0.722799 -0.691059 0
    outer loop
      vertex 7.72766 4.19301 3.5
      vertex 7.88268 4.35515 -3.5
      vertex 7.88268 4.35515 3.5
    endloop
  endfacet
  facet normal 0.722799 -0.691059 0
    outer loop
      vertex 7.88268 4.35515 -3.5
      vertex 7.72766 4.19301 3.5
      vertex 7.72766 4.19301 -3.5
    endloop
  endfacet
  facet normal 0.657917 -0.75309 0
    outer loop
      vertex 7.55872 4.04542 -3.5
      vertex 7.72766 4.19301 3.5
      vertex 7.55872 4.04542 3.5
    endloop
  endfacet
  facet normal 0.657917 -0.75309 0
    outer loop
      vertex 7.72766 4.19301 3.5
      vertex 7.55872 4.04542 -3.5
      vertex 7.72766 4.19301 -3.5
    endloop
  endfacet
  facet normal -0.43388 -0.900971 0
    outer loop
      vertex 4.81533 3.79851 -3.5
      vertex 5.01744 3.70118 3.5
      vertex 4.81533 3.79851 3.5
    endloop
  endfacet
  facet normal -0.43388 -0.900971 -0
    outer loop
      vertex 5.01744 3.70118 3.5
      vertex 4.81533 3.79851 -3.5
      vertex 5.01744 3.70118 -3.5
    endloop
  endfacet
  facet normal 0.781851 -0.623466 0
    outer loop
      vertex 7.88268 4.35515 3.5
      vertex 8.02254 4.53054 -3.5
      vertex 8.02254 4.53054 3.5
    endloop
  endfacet
  facet normal 0.781851 -0.623466 0
    outer loop
      vertex 8.02254 4.53054 -3.5
      vertex 7.88268 4.35515 3.5
      vertex 7.88268 4.35515 -3.5
    endloop
  endfacet
  facet normal -0.351368 -0.936238 0
    outer loop
      vertex 5.01744 3.70118 -3.5
      vertex 5.22746 3.62236 3.5
      vertex 5.01744 3.70118 3.5
    endloop
  endfacet
  facet normal -0.351368 -0.936238 -0
    outer loop
      vertex 5.22746 3.62236 3.5
      vertex 5.01744 3.70118 -3.5
      vertex 5.22746 3.62236 -3.5
    endloop
  endfacet
endsolid OpenSCAD_Model
